66,U=ACERENZA S M C,A=AICEGA J,U=AMADEO E P,A=ANSALONI P M,A=BALDASSI H W,U=BERISSO H,A=BRAGAGNOLO S,A=BRAMBILLA S,A=BUIL S O,A=CÁCERES E A,U=CARAMBIA A J,U=ENRIQUEZ J R,A=FERNANDEZ LANGAN E,A=FREGONESE A,A=FRIZZA G A,A=GARCIA A,A=GARRETÓN F,A=GAYOL Y C,A=GONZÁLEZ Ã G,A=GRANDE M,U=HERS CABRAL A R,A=HUCZAK S M,A=HUMMEL A,A=IGLESIAS F A,A=INCICCO L C,U=LASPINA L A,A=LIPOVETZKY D A,A=LÓPEZ KOENIG L G,A=LOSPENNATO S G,A=MAQUIEYRA M,A=MASSOT N M,A=MEDINA M N,A=MOLINA K A,U=MONALDI O,A=MONTENEGRO G T,A=NUÑEZ J C,A=OCAÑA M G,A=PICCOLOMINI M C,A=POLLEDO C,A=PRETTO P J,A=ROMA C G,A=SAHAD J E,A=SCAGLIA G,A=SCHLERETH D P,A=SCHMIDT LIERMANN C,A=STEFANI H A,A=TONELLI P G,A=TORELLO P,A=URROZ P,A=VILLA N S,U=VILLALONGA J C,A=WECHSLER M G,U=WISKY S J,A=WOLFF W E
69,U=ACERENZA S M C,A=AICEGA J,A=AMADEO E P,A=ANSALONI P M,A=BALDASSI H W,A=BERISSO H,A=BRAGAGNOLO S,A=BRAMBILLA S,A=BUIL S O,A=CÁCERES E A,U=CARAMBIA A J,A=ENRIQUEZ J R,A=FERNANDEZ LANGAN E,A=FREGONESE A,A=FRIZZA G A,A=GARCIA A,A=GARRETÓN F,A=GAYOL Y C,A=GONZÁLEZ Ã G,U=GRANDE M,U=HERS CABRAL A R,A=HUCZAK S M,A=HUMMEL A,A=IGLESIAS F A,A=INCICCO L C,U=LASPINA L A,A=LIPOVETZKY D A,A=LÓPEZ KOENIG L G,A=LOSPENNATO S G,A=MAQUIEYRA M,A=MASSOT N M,A=MEDINA M N,A=MOLINA K A,U=MONALDI O,A=MONTENEGRO G T,A=NUÑEZ J C,A=OCAÑA M G,A=PICCOLOMINI M C,A=POLLEDO C,A=PRETTO P J,A=ROMA C G,A=SAHAD J E,A=SCAGLIA G,A=SCHLERETH D P,A=SCHMIDT LIERMANN C,A=STEFANI H A,A=TONELLI P G,A=TORELLO P,A=URROZ P,A=VILLA N S,A=VILLALONGA J C,A=WECHSLER M G,A=WISKY S J,A=WOLFF W E
33,N=ACERENZA S M C,N=AICEGA J,N=AMADEO E P,N=ANSALONI P M,N=BALBO E S,N=BALDASSI H W,N=BERISSO H,N=BRAMBILLA S,N=BUIL S O,N=CÁCERES E A,N=CARAMBIA A J,N=ENRIQUEZ J R,N=FERNANDEZ LANGAN E,N=FREGONESE A,N=FRIZZA G A,N=GARCIA A,N=GARRETÓN F,N=GAYOL Y C,N=GONZÁLEZ Ã G,N=GRANDE M,N=HERS CABRAL A R,N=HUCZAK S M,N=HUMMEL A,N=IGLESIAS F A,N=INCICCO L C,N=LASPINA L A,N=LIPOVETZKY D A,N=LÓPEZ KOENIG L G,N=LOSPENNATO S G,N=MAQUIEYRA M,N=MASSOT N M,N=MEDINA M N,N=MOLINA K A,N=MONALDI O,U=MONTENEGRO G T,N=NUÑEZ J C,N=OCAÑA M G,N=PICCOLOMINI M C,N=POLLEDO C,N=PRETTO P J,N=ROMA C G,N=SAHAD J E,N=SCAGLIA G,N=SCHLERETH D P,N=SCHMIDT LIERMANN C,N=STEFANI H A,U=TONELLI P G,N=TORELLO P,N=URROZ P,N=VILLA N S,N=VILLALONGA J C,N=WECHSLER M G,N=WISKY S J,N=WOLFF W E
39,N=ACERENZA S M C,N=AICEGA J,N=AMADEO E P,N=ANSALONI P M,N=BALBO E S,N=BALDASSI H W,N=BERISSO H,N=BRAMBILLA S,N=BUIL S O,N=CÁCERES E A,N=CARAMBIA A J,N=ENRIQUEZ J R,N=FERNANDEZ LANGAN E,N=FREGONESE A,N=FRIZZA G A,N=GARCIA A,N=GARRETÓN F,N=GAYOL Y C,N=GONZÁLEZ Ã G,N=GRANDE M,N=HERS CABRAL A R,N=HUCZAK S M,N=HUMMEL A,N=IGLESIAS F A,N=INCICCO L C,N=LASPINA L A,N=LIPOVETZKY D A,N=LÓPEZ KOENIG L G,N=LOSPENNATO S G,N=MAQUIEYRA M,N=MASSOT N M,N=MEDINA M N,N=MOLINA K A,N=MONALDI O,U=MONTENEGRO G T,N=NUÑEZ J C,N=OCAÑA M G,N=PICCOLOMINI M C,N=POLLEDO C,N=PRETTO P J,N=ROMA C G,N=SAHAD J E,N=SCAGLIA G,U=SCHLERETH D P,N=SCHMIDT LIERMANN C,N=STEFANI H A,N=TONELLI P G,N=TORELLO P,N=URROZ P,N=VILLA N S,N=VILLALONGA J C,N=WECHSLER M G,N=WISKY S J,N=WOLFF W E
65,U=ACERENZA S M C,A=AICEGA J,U=AMADEO E P,A=ANSALONI P M,A=BALDASSI H W,A=BERISSO H,A=BRAGAGNOLO S,A=BRAMBILLA S,A=BUIL S O,A=CÁCERES E A,U=CARAMBIA A J,A=ENRIQUEZ J R,A=FERNANDEZ LANGAN E,A=FREGONESE A,A=FRIZZA G A,A=GARCIA A,A=GARRETÓN F,A=GAYOL Y C,A=GONZÁLEZ Ã G,A=GRANDE M,U=HERS CABRAL A R,A=HUCZAK S M,A=HUMMEL A,A=IGLESIAS F A,A=INCICCO L C,U=LASPINA L A,A=LIPOVETZKY D A,A=LÓPEZ KOENIG L G,A=LOSPENNATO S G,A=MAQUIEYRA M,A=MASSOT N M,A=MEDINA M N,A=MOLINA K A,U=MONALDI O,A=MONTENEGRO G T,A=NUÑEZ J C,A=OCAÑA M G,A=PICCOLOMINI M C,A=POLLEDO C,A=PRETTO P J,A=ROMA C G,A=SAHAD J E,A=SCAGLIA G,A=SCHLERETH D P,A=SCHMIDT LIERMANN C,A=STEFANI H A,A=TONELLI P G,A=TORELLO P,A=URROZ P,A=VILLA N S,U=VILLALONGA J C,A=WECHSLER M G,U=WISKY S J,A=WOLFF W E
5,U=ACERENZA S M C,A=AICEGA J,A=AMADEO E P,A=ANSALONI P M,A=BALBO E S,A=BALDASSI H W,A=BERISSO H,A=BRAMBILLA S,A=BUIL S O,A=CÁCERES E A,A=CARAMBIA A J,A=ENRIQUEZ J R,A=FERNANDEZ LANGAN E,A=FREGONESE A,A=FRIZZA G A,U=GARCIA A,A=GARRETÓN F,A=GAYOL Y C,U=GONZÁLEZ Ã G,A=GRANDE M,A=HERS CABRAL A R,A=HUCZAK S M,A=HUMMEL A,A=IGLESIAS F A,A=INCICCO L C,A=LASPINA L A,A=LIPOVETZKY D A,A=LÓPEZ KOENIG L G,A=LOSPENNATO S G,A=MAQUIEYRA M,A=MASSOT N M,A=MEDINA M N,A=MOLINA K A,A=MONALDI O,A=MONTENEGRO G T,A=NUÑEZ J C,A=OCAÑA M G,A=PICCOLOMINI M C,A=POLLEDO C,A=PRETTO P J,A=ROMA C G,A=SAHAD J E,A=SCAGLIA G,A=SCHLERETH D P,A=SCHMIDT LIERMANN C,A=STEFANI H A,A=TONELLI P G,A=TORELLO P,A=URROZ P,A=VILLA N S,A=VILLALONGA J C,A=WECHSLER M G,A=WISKY S J,A=WOLFF W E
56,U=ACERENZA S M C,N=AICEGA J,N=AMADEO E P,N=ANSALONI P M,N=BALDASSI H W,N=BERISSO H,N=BRAGAGNOLO S,N=BRAMBILLA S,N=BUIL S O,N=CÁCERES E A,U=CARAMBIA A J,N=ENRIQUEZ J R,N=FERNANDEZ LANGAN E,N=FREGONESE A,U=FRIZZA G A,N=GARCIA A,N=GARRETÓN F,N=GAYOL Y C,N=GONZÁLEZ Ã G,U=GRANDE M,U=HERS CABRAL A R,N=HUCZAK S M,N=HUMMEL A,N=IGLESIAS F A,N=INCICCO L C,U=LASPINA L A,N=LIPOVETZKY D A,N=LÓPEZ KOENIG L G,N=LOSPENNATO S G,N=MAQUIEYRA M,N=MASSOT N M,N=MEDINA M N,N=MOLINA K A,U=MONALDI O,N=MONTENEGRO G T,N=NUÑEZ J C,N=OCAÑA M G,N=PICCOLOMINI M C,N=POLLEDO C,N=PRETTO P J,N=ROMA C G,N=SAHAD J E,N=SCAGLIA G,N=SCHLERETH D P,N=SCHMIDT LIERMANN C,N=STEFANI H A,N=TONELLI P G,N=TORELLO P,N=URROZ P,N=VILLA N S,N=VILLALONGA J C,N=WECHSLER M G,U=WISKY S J,N=WOLFF W E
43,A=ACERENZA S M C,A=AICEGA J,A=AMADEO E P,A=ANSALONI P M,A=BALDASSI H W,A=BERISSO H,A=BRAGAGNOLO S,A=BRAMBILLA S,A=BUIL S O,A=CÁCERES E A,A=CARAMBIA A J,A=ENRIQUEZ J R,A=FERNANDEZ LANGAN E,A=FREGONESE A,A=FRIZZA G A,A=GARCIA A,A=GARRETÓN F,A=GAYOL Y C,A=GONZÁLEZ Ã G,A=GRANDE M,A=HERS CABRAL A R,A=HUCZAK S M,A=HUMMEL A,A=IGLESIAS F A,A=INCICCO L C,A=LASPINA L A,A=LIPOVETZKY D A,A=LÓPEZ KOENIG L G,A=LOSPENNATO S G,A=MAQUIEYRA M,A=MASSOT N M,A=MEDINA M N,A=MOLINA K A,A=MONALDI O,A=MONTENEGRO G T,A=NUÑEZ J C,A=OCAÑA M G,A=PICCOLOMINI M C,A=POLLEDO C,A=PRETTO P J,A=ROMA C G,A=SAHAD J E,A=SCAGLIA G,A=SCHLERETH D P,A=SCHMIDT LIERMANN C,A=STEFANI H A,A=TONELLI P G,A=TORELLO P,A=URROZ P,A=VILLA N S,A=VILLALONGA J C,A=WECHSLER M G,A=WISKY S J,A=WOLFF W E
47,N=ACERENZA S M C,N=AICEGA J,N=AMADEO E P,U=ANSALONI P M,N=BALDASSI H W,N=BERISSO H,N=BRAGAGNOLO S,N=BRAMBILLA S,N=BUIL S O,N=CÁCERES E A,U=CARAMBIA A J,N=ENRIQUEZ J R,N=FERNANDEZ LANGAN E,N=FREGONESE A,N=FRIZZA G A,N=GARCIA A,N=GARRETÓN F,N=GAYOL Y C,N=GONZÁLEZ Ã G,U=GRANDE M,U=HERS CABRAL A R,N=HUCZAK S M,N=HUMMEL A,N=IGLESIAS F A,N=INCICCO L C,U=LASPINA L A,N=LIPOVETZKY D A,N=LÓPEZ KOENIG L G,N=LOSPENNATO S G,N=MAQUIEYRA M,N=MASSOT N M,N=MEDINA M N,U=MOLINA K A,U=MONALDI O,N=MONTENEGRO G T,N=NUÑEZ J C,U=OCAÑA M G,N=PICCOLOMINI M C,N=POLLEDO C,N=PRETTO P J,N=ROMA C G,N=SAHAD J E,N=SCAGLIA G,N=SCHLERETH D P,N=SCHMIDT LIERMANN C,N=STEFANI H A,N=TONELLI P G,N=TORELLO P,N=URROZ P,N=VILLA N S,N=VILLALONGA J C,N=WECHSLER M G,N=WISKY S J,N=WOLFF W E
52,N=ACERENZA S M C,N=AICEGA J,N=AMADEO E P,N=ANSALONI P M,N=BALDASSI H W,N=BERISSO H,N=BRAGAGNOLO S,N=BRAMBILLA S,N=BUIL S O,N=CÁCERES E A,U=CARAMBIA A J,N=ENRIQUEZ J R,N=FERNANDEZ LANGAN E,N=FREGONESE A,N=FRIZZA G A,N=GARCIA A,N=GARRETÓN F,N=GAYOL Y C,N=GONZÁLEZ Ã G,U=GRANDE M,U=HERS CABRAL A R,N=HUCZAK S M,N=HUMMEL A,N=IGLESIAS F A,N=INCICCO L C,U=LASPINA L A,N=LIPOVETZKY D A,N=LÓPEZ KOENIG L G,N=LOSPENNATO S G,N=MAQUIEYRA M,N=MASSOT N M,N=MEDINA M N,U=MOLINA K A,U=MONALDI O,N=MONTENEGRO G T,N=NUÑEZ J C,N=OCAÑA M G,N=PICCOLOMINI M C,N=POLLEDO C,N=PRETTO P J,N=ROMA C G,N=SAHAD J E,N=SCAGLIA G,N=SCHLERETH D P,N=SCHMIDT LIERMANN C,N=STEFANI H A,N=TONELLI P G,N=TORELLO P,N=URROZ P,N=VILLA N S,N=VILLALONGA J C,N=WECHSLER M G,N=WISKY S J,N=WOLFF W E
15,N=ACERENZA S M C,N=AICEGA J,N=AMADEO E P,N=ANSALONI P M,N=BALBO E S,N=BALDASSI H W,N=BERISSO H,N=BRAMBILLA S,N=BUIL S O,N=CÁCERES E A,N=CARAMBIA A J,N=ENRIQUEZ J R,N=FERNANDEZ LANGAN E,N=FREGONESE A,N=FRIZZA G A,N=GARCIA A,N=GARRETÓN F,N=GAYOL Y C,N=GONZÁLEZ Ã G,N=GRANDE M,N=HERS CABRAL A R,N=HUCZAK S M,N=HUMMEL A,N=IGLESIAS F A,N=INCICCO L C,N=LASPINA L A,N=LIPOVETZKY D A,N=LÓPEZ KOENIG L G,N=LOSPENNATO S G,N=MAQUIEYRA M,N=MASSOT N M,N=MEDINA M N,N=MOLINA K A,N=MONALDI O,U=MONTENEGRO G T,N=NUÑEZ J C,N=OCAÑA M G,N=PICCOLOMINI M C,N=POLLEDO C,N=PRETTO P J,U=ROMA C G,N=SAHAD J E,N=SCAGLIA G,N=SCHLERETH D P,N=SCHMIDT LIERMANN C,N=STEFANI H A,N=TONELLI P G,N=TORELLO P,N=URROZ P,N=VILLA N S,N=VILLALONGA J C,N=WECHSLER M G,N=WISKY S J,N=WOLFF W E
37,N=ACERENZA S M C,N=AICEGA J,N=AMADEO E P,N=ANSALONI P M,U=BALBO E S,N=BALDASSI H W,N=BERISSO H,N=BRAMBILLA S,N=BUIL S O,N=CÁCERES E A,N=CARAMBIA A J,N=ENRIQUEZ J R,N=FERNANDEZ LANGAN E,N=FREGONESE A,N=FRIZZA G A,N=GARCIA A,N=GARRETÓN F,N=GAYOL Y C,N=GONZÁLEZ Ã G,N=GRANDE M,N=HERS CABRAL A R,N=HUCZAK S M,N=HUMMEL A,N=IGLESIAS F A,N=INCICCO L C,N=LASPINA L A,N=LIPOVETZKY D A,N=LÓPEZ KOENIG L G,N=LOSPENNATO S G,N=MAQUIEYRA M,N=MASSOT N M,N=MEDINA M N,N=MOLINA K A,N=MONALDI O,U=MONTENEGRO G T,N=NUÑEZ J C,N=OCAÑA M G,N=PICCOLOMINI M C,N=POLLEDO C,N=PRETTO P J,N=ROMA C G,N=SAHAD J E,N=SCAGLIA G,N=SCHLERETH D P,N=SCHMIDT LIERMANN C,N=STEFANI H A,N=TONELLI P G,N=TORELLO P,N=URROZ P,N=VILLA N S,N=VILLALONGA J C,N=WECHSLER M G,N=WISKY S J,N=WOLFF W E
72,A=ACERENZA S M C,A=AICEGA J,A=AMADEO E P,A=ANSALONI P M,A=BALDASSI H W,A=BERISSO H,A=BRAGAGNOLO S,A=BRAMBILLA S,A=BUIL S O,U=CÁCERES E A,U=CARAMBIA A J,A=ENRIQUEZ J R,A=FERNANDEZ LANGAN E,A=FREGONESE A,A=FRIZZA G A,A=GARCIA A,A=GARRETÓN F,A=GAYOL Y C,A=GONZÁLEZ Ã G,A=GRANDE M,U=HERS CABRAL A R,A=HUCZAK S M,A=HUMMEL A,A=IGLESIAS F A,A=INCICCO L C,U=LASPINA L A,A=LIPOVETZKY D A,A=LÓPEZ KOENIG L G,A=LOSPENNATO S G,A=MAQUIEYRA M,A=MASSOT N M,U=MEDINA M N,A=MOLINA K A,U=MONALDI O,A=MONTENEGRO G T,A=NUÑEZ J C,A=OCAÑA M G,A=PICCOLOMINI M C,A=POLLEDO C,A=PRETTO P J,A=ROMA C G,A=SAHAD J E,A=SCAGLIA G,A=SCHLERETH D P,A=SCHMIDT LIERMANN C,A=STEFANI H A,A=TONELLI P G,A=TORELLO P,A=URROZ P,A=VILLA N S,A=VILLALONGA J C,A=WECHSLER M G,A=WISKY S J,A=WOLFF W E
12,N=ACERENZA S M C,N=AICEGA J,N=AMADEO E P,N=ANSALONI P M,N=BALBO E S,N=BALDASSI H W,N=BERISSO H,N=BRAMBILLA S,N=BUIL S O,N=CÁCERES E A,N=CARAMBIA A J,N=ENRIQUEZ J R,N=FERNANDEZ LANGAN E,N=FREGONESE A,N=FRIZZA G A,N=GARCIA A,N=GARRETÓN F,N=GAYOL Y C,N=GONZÁLEZ Ã G,N=GRANDE M,N=HERS CABRAL A R,N=HUCZAK S M,N=HUMMEL A,N=IGLESIAS F A,N=INCICCO L C,N=LASPINA L A,N=LIPOVETZKY D A,N=LÓPEZ KOENIG L G,N=LOSPENNATO S G,N=MAQUIEYRA M,U=MASSOT N M,N=MEDINA M N,N=MOLINA K A,N=MONALDI O,U=MONTENEGRO G T,N=NUÑEZ J C,N=OCAÑA M G,N=PICCOLOMINI M C,N=POLLEDO C,N=PRETTO P J,N=ROMA C G,N=SAHAD J E,N=SCAGLIA G,N=SCHLERETH D P,N=SCHMIDT LIERMANN C,N=STEFANI H A,N=TONELLI P G,N=TORELLO P,N=URROZ P,N=VILLA N S,N=VILLALONGA J C,N=WECHSLER M G,N=WISKY S J,N=WOLFF W E
38,N=ACERENZA S M C,N=AICEGA J,N=AMADEO E P,N=ANSALONI P M,N=BALBO E S,N=BALDASSI H W,N=BERISSO H,N=BRAMBILLA S,N=BUIL S O,N=CÁCERES E A,N=CARAMBIA A J,N=ENRIQUEZ J R,N=FERNANDEZ LANGAN E,N=FREGONESE A,N=FRIZZA G A,N=GARCIA A,N=GARRETÓN F,N=GAYOL Y C,N=GONZÁLEZ Ã G,N=GRANDE M,N=HERS CABRAL A R,N=HUCZAK S M,N=HUMMEL A,N=IGLESIAS F A,N=INCICCO L C,N=LASPINA L A,N=LIPOVETZKY D A,N=LÓPEZ KOENIG L G,N=LOSPENNATO S G,N=MAQUIEYRA M,N=MASSOT N M,N=MEDINA M N,N=MOLINA K A,N=MONALDI O,U=MONTENEGRO G T,N=NUÑEZ J C,N=OCAÑA M G,N=PICCOLOMINI M C,N=POLLEDO C,N=PRETTO P J,N=ROMA C G,N=SAHAD J E,N=SCAGLIA G,N=SCHLERETH D P,N=SCHMIDT LIERMANN C,N=STEFANI H A,N=TONELLI P G,N=TORELLO P,N=URROZ P,N=VILLA N S,N=VILLALONGA J C,N=WECHSLER M G,N=WISKY S J,N=WOLFF W E
34,N=ACERENZA S M C,N=AICEGA J,N=AMADEO E P,N=ANSALONI P M,N=BALBO E S,N=BALDASSI H W,N=BERISSO H,N=BRAMBILLA S,N=BUIL S O,N=CÁCERES E A,N=CARAMBIA A J,U=ENRIQUEZ J R,N=FERNANDEZ LANGAN E,N=FREGONESE A,N=FRIZZA G A,N=GARCIA A,N=GARRETÓN F,N=GAYOL Y C,N=GONZÁLEZ Ã G,N=GRANDE M,N=HERS CABRAL A R,N=HUCZAK S M,N=HUMMEL A,N=IGLESIAS F A,N=INCICCO L C,N=LASPINA L A,U=LIPOVETZKY D A,N=LÓPEZ KOENIG L G,N=LOSPENNATO S G,N=MAQUIEYRA M,N=MASSOT N M,N=MEDINA M N,N=MOLINA K A,N=MONALDI O,U=MONTENEGRO G T,N=NUÑEZ J C,N=OCAÑA M G,N=PICCOLOMINI M C,N=POLLEDO C,N=PRETTO P J,N=ROMA C G,N=SAHAD J E,N=SCAGLIA G,N=SCHLERETH D P,N=SCHMIDT LIERMANN C,N=STEFANI H A,N=TONELLI P G,N=TORELLO P,N=URROZ P,N=VILLA N S,N=VILLALONGA J C,N=WECHSLER M G,N=WISKY S J,N=WOLFF W E
51,N=ACERENZA S M C,N=AICEGA J,N=AMADEO E P,N=ANSALONI P M,N=BALDASSI H W,N=BERISSO H,N=BRAGAGNOLO S,N=BRAMBILLA S,N=BUIL S O,N=CÁCERES E A,U=CARAMBIA A J,N=ENRIQUEZ J R,N=FERNANDEZ LANGAN E,N=FREGONESE A,N=FRIZZA G A,N=GARCIA A,N=GARRETÓN F,N=GAYOL Y C,N=GONZÁLEZ Ã G,U=GRANDE M,U=HERS CABRAL A R,N=HUCZAK S M,N=HUMMEL A,N=IGLESIAS F A,N=INCICCO L C,U=LASPINA L A,N=LIPOVETZKY D A,N=LÓPEZ KOENIG L G,N=LOSPENNATO S G,N=MAQUIEYRA M,N=MASSOT N M,N=MEDINA M N,U=MOLINA K A,U=MONALDI O,N=MONTENEGRO G T,N=NUÑEZ J C,U=OCAÑA M G,N=PICCOLOMINI M C,N=POLLEDO C,N=PRETTO P J,N=ROMA C G,N=SAHAD J E,N=SCAGLIA G,N=SCHLERETH D P,N=SCHMIDT LIERMANN C,N=STEFANI H A,U=TONELLI P G,N=TORELLO P,N=URROZ P,N=VILLA N S,N=VILLALONGA J C,N=WECHSLER M G,N=WISKY S J,N=WOLFF W E
4,U=ACERENZA S M C,A=AICEGA J,A=AMADEO E P,A=ANSALONI P M,A=BALBO E S,A=BALDASSI H W,A=BERISSO H,A=BRAMBILLA S,A=BUIL S O,A=CÁCERES E A,A=CARAMBIA A J,A=ENRIQUEZ J R,A=FERNANDEZ LANGAN E,A=FREGONESE A,A=FRIZZA G A,A=GARCIA A,A=GARRETÓN F,A=GAYOL Y C,U=GONZÁLEZ Ã G,A=GRANDE M,A=HERS CABRAL A R,A=HUCZAK S M,A=HUMMEL A,A=IGLESIAS F A,A=INCICCO L C,A=LASPINA L A,A=LIPOVETZKY D A,A=LÓPEZ KOENIG L G,A=LOSPENNATO S G,A=MAQUIEYRA M,A=MASSOT N M,A=MEDINA M N,A=MOLINA K A,A=MONALDI O,A=MONTENEGRO G T,A=NUÑEZ J C,U=OCAÑA M G,A=PICCOLOMINI M C,A=POLLEDO C,A=PRETTO P J,A=ROMA C G,A=SAHAD J E,A=SCAGLIA G,A=SCHLERETH D P,A=SCHMIDT LIERMANN C,A=STEFANI H A,A=TONELLI P G,A=TORELLO P,A=URROZ P,A=VILLA N S,A=VILLALONGA J C,A=WECHSLER M G,A=WISKY S J,A=WOLFF W E
10,N=ACERENZA S M C,N=AICEGA J,N=AMADEO E P,N=ANSALONI P M,N=BALBO E S,N=BALDASSI H W,N=BERISSO H,N=BRAMBILLA S,N=BUIL S O,N=CÁCERES E A,N=CARAMBIA A J,N=ENRIQUEZ J R,N=FERNANDEZ LANGAN E,N=FREGONESE A,N=FRIZZA G A,N=GARCIA A,N=GARRETÓN F,N=GAYOL Y C,N=GONZÁLEZ Ã G,N=GRANDE M,N=HERS CABRAL A R,N=HUCZAK S M,N=HUMMEL A,N=IGLESIAS F A,N=INCICCO L C,N=LASPINA L A,N=LIPOVETZKY D A,N=LÓPEZ KOENIG L G,N=LOSPENNATO S G,N=MAQUIEYRA M,N=MASSOT N M,N=MEDINA M N,N=MOLINA K A,N=MONALDI O,U=MONTENEGRO G T,N=NUÑEZ J C,N=OCAÑA M G,N=PICCOLOMINI M C,N=POLLEDO C,N=PRETTO P J,N=ROMA C G,N=SAHAD J E,N=SCAGLIA G,N=SCHLERETH D P,N=SCHMIDT LIERMANN C,N=STEFANI H A,N=TONELLI P G,N=TORELLO P,N=URROZ P,N=VILLA N S,N=VILLALONGA J C,N=WECHSLER M G,N=WISKY S J,N=WOLFF W E
30,N=ACERENZA S M C,N=AICEGA J,N=AMADEO E P,N=ANSALONI P M,N=BALBO E S,N=BALDASSI H W,N=BERISSO H,N=BRAMBILLA S,N=BUIL S O,N=CÁCERES E A,N=CARAMBIA A J,N=ENRIQUEZ J R,N=FERNANDEZ LANGAN E,N=FREGONESE A,N=FRIZZA G A,N=GARCIA A,N=GARRETÓN F,N=GAYOL Y C,N=GONZÁLEZ Ã G,N=GRANDE M,N=HERS CABRAL A R,N=HUCZAK S M,N=HUMMEL A,N=IGLESIAS F A,N=INCICCO L C,N=LASPINA L A,N=LIPOVETZKY D A,N=LÓPEZ KOENIG L G,N=LOSPENNATO S G,N=MAQUIEYRA M,N=MASSOT N M,N=MEDINA M N,N=MOLINA K A,N=MONALDI O,U=MONTENEGRO G T,N=NUÑEZ J C,N=OCAÑA M G,N=PICCOLOMINI M C,N=POLLEDO C,N=PRETTO P J,N=ROMA C G,N=SAHAD J E,N=SCAGLIA G,N=SCHLERETH D P,N=SCHMIDT LIERMANN C,N=STEFANI H A,N=TONELLI P G,N=TORELLO P,N=URROZ P,N=VILLA N S,N=VILLALONGA J C,N=WECHSLER M G,N=WISKY S J,N=WOLFF W E
45,U=ACERENZA S M C,N=AICEGA J,N=AMADEO E P,N=ANSALONI P M,N=BALDASSI H W,N=BERISSO H,N=BRAGAGNOLO S,N=BRAMBILLA S,N=BUIL S O,N=CÁCERES E A,N=CARAMBIA A J,N=ENRIQUEZ J R,N=FERNANDEZ LANGAN E,N=FREGONESE A,N=FRIZZA G A,N=GARCIA A,N=GARRETÓN F,N=GAYOL Y C,N=GONZÁLEZ Ã G,N=GRANDE M,U=HERS CABRAL A R,N=HUCZAK S M,N=HUMMEL A,N=IGLESIAS F A,N=INCICCO L C,N=LASPINA L A,N=LIPOVETZKY D A,U=LÓPEZ KOENIG L G,N=LOSPENNATO S G,N=MAQUIEYRA M,N=MASSOT N M,N=MEDINA M N,U=MOLINA K A,N=MONALDI O,N=MONTENEGRO G T,N=NUÑEZ J C,N=OCAÑA M G,N=PICCOLOMINI M C,N=POLLEDO C,N=PRETTO P J,N=ROMA C G,N=SAHAD J E,N=SCAGLIA G,N=SCHLERETH D P,N=SCHMIDT LIERMANN C,N=STEFANI H A,N=TONELLI P G,N=TORELLO P,N=URROZ P,N=VILLA N S,N=VILLALONGA J C,N=WECHSLER M G,N=WISKY S J,N=WOLFF W E
55,U=ACERENZA S M C,N=AICEGA J,N=AMADEO E P,N=ANSALONI P M,N=BALDASSI H W,N=BERISSO H,N=BRAGAGNOLO S,N=BRAMBILLA S,N=BUIL S O,N=CÁCERES E A,U=CARAMBIA A J,N=ENRIQUEZ J R,N=FERNANDEZ LANGAN E,N=FREGONESE A,N=FRIZZA G A,N=GARCIA A,N=GARRETÓN F,N=GAYOL Y C,N=GONZÁLEZ Ã G,U=GRANDE M,U=HERS CABRAL A R,N=HUCZAK S M,N=HUMMEL A,N=IGLESIAS F A,N=INCICCO L C,U=LASPINA L A,N=LIPOVETZKY D A,N=LÓPEZ KOENIG L G,N=LOSPENNATO S G,N=MAQUIEYRA M,N=MASSOT N M,N=MEDINA M N,U=MOLINA K A,U=MONALDI O,N=MONTENEGRO G T,N=NUÑEZ J C,N=OCAÑA M G,N=PICCOLOMINI M C,N=POLLEDO C,N=PRETTO P J,N=ROMA C G,N=SAHAD J E,U=SCAGLIA G,N=SCHLERETH D P,N=SCHMIDT LIERMANN C,N=STEFANI H A,N=TONELLI P G,N=TORELLO P,N=URROZ P,N=VILLA N S,N=VILLALONGA J C,N=WECHSLER M G,U=WISKY S J,N=WOLFF W E
59,U=ACERENZA S M C,A=AICEGA J,A=AMADEO E P,A=ANSALONI P M,A=BALDASSI H W,A=BERISSO H,A=BRAGAGNOLO S,A=BRAMBILLA S,A=BUIL S O,A=CÁCERES E A,U=CARAMBIA A J,A=ENRIQUEZ J R,A=FERNANDEZ LANGAN E,A=FREGONESE A,A=FRIZZA G A,A=GARCIA A,A=GARRETÓN F,A=GAYOL Y C,A=GONZÁLEZ Ã G,A=GRANDE M,U=HERS CABRAL A R,A=HUCZAK S M,A=HUMMEL A,A=IGLESIAS F A,A=INCICCO L C,U=LASPINA L A,A=LIPOVETZKY D A,A=LÓPEZ KOENIG L G,A=LOSPENNATO S G,A=MAQUIEYRA M,A=MASSOT N M,A=MEDINA M N,A=MOLINA K A,U=MONALDI O,A=MONTENEGRO G T,A=NUÑEZ J C,A=OCAÑA M G,A=PICCOLOMINI M C,A=POLLEDO C,A=PRETTO P J,A=ROMA C G,A=SAHAD J E,A=SCAGLIA G,A=SCHLERETH D P,A=SCHMIDT LIERMANN C,A=STEFANI H A,A=TONELLI P G,A=TORELLO P,A=URROZ P,A=VILLA N S,A=VILLALONGA J C,A=WECHSLER M G,A=WISKY S J,A=WOLFF W E
11,N=ACERENZA S M C,N=AICEGA J,N=AMADEO E P,N=ANSALONI P M,N=BALBO E S,N=BALDASSI H W,N=BERISSO H,N=BRAMBILLA S,N=BUIL S O,N=CÁCERES E A,N=CARAMBIA A J,N=ENRIQUEZ J R,N=FERNANDEZ LANGAN E,N=FREGONESE A,N=FRIZZA G A,N=GARCIA A,N=GARRETÓN F,N=GAYOL Y C,N=GONZÁLEZ Ã G,N=GRANDE M,N=HERS CABRAL A R,N=HUCZAK S M,N=HUMMEL A,N=IGLESIAS F A,N=INCICCO L C,N=LASPINA L A,N=LIPOVETZKY D A,N=LÓPEZ KOENIG L G,N=LOSPENNATO S G,N=MAQUIEYRA M,U=MASSOT N M,N=MEDINA M N,N=MOLINA K A,N=MONALDI O,U=MONTENEGRO G T,N=NUÑEZ J C,N=OCAÑA M G,N=PICCOLOMINI M C,N=POLLEDO C,N=PRETTO P J,N=ROMA C G,N=SAHAD J E,N=SCAGLIA G,N=SCHLERETH D P,N=SCHMIDT LIERMANN C,N=STEFANI H A,N=TONELLI P G,N=TORELLO P,N=URROZ P,N=VILLA N S,N=VILLALONGA J C,N=WECHSLER M G,N=WISKY S J,N=WOLFF W E
18,A=ACERENZA S M C,A=AICEGA J,A=AMADEO E P,A=ANSALONI P M,A=BALBO E S,A=BALDASSI H W,A=BERISSO H,A=BRAMBILLA S,A=BUIL S O,A=CÁCERES E A,A=CARAMBIA A J,A=ENRIQUEZ J R,A=FERNANDEZ LANGAN E,A=FREGONESE A,A=FRIZZA G A,A=GARCIA A,A=GARRETÓN F,A=GAYOL Y C,A=GONZÁLEZ Ã G,A=GRANDE M,A=HERS CABRAL A R,A=HUCZAK S M,A=HUMMEL A,A=IGLESIAS F A,A=INCICCO L C,A=LASPINA L A,A=LIPOVETZKY D A,A=LÓPEZ KOENIG L G,A=LOSPENNATO S G,A=MAQUIEYRA M,A=MASSOT N M,A=MEDINA M N,A=MOLINA K A,A=MONALDI O,U=MONTENEGRO G T,A=NUÑEZ J C,A=OCAÑA M G,A=PICCOLOMINI M C,A=POLLEDO C,A=PRETTO P J,A=ROMA C G,A=SAHAD J E,A=SCAGLIA G,A=SCHLERETH D P,A=SCHMIDT LIERMANN C,A=STEFANI H A,A=TONELLI P G,A=TORELLO P,A=URROZ P,A=VILLA N S,A=VILLALONGA J C,A=WECHSLER M G,A=WISKY S J,A=WOLFF W E
62,U=ACERENZA S M C,A=AICEGA J,U=AMADEO E P,A=ANSALONI P M,A=BALDASSI H W,A=BERISSO H,A=BRAGAGNOLO S,A=BRAMBILLA S,A=BUIL S O,A=CÁCERES E A,U=CARAMBIA A J,A=ENRIQUEZ J R,A=FERNANDEZ LANGAN E,A=FREGONESE A,A=FRIZZA G A,A=GARCIA A,A=GARRETÓN F,A=GAYOL Y C,A=GONZÁLEZ Ã G,A=GRANDE M,U=HERS CABRAL A R,A=HUCZAK S M,A=HUMMEL A,A=IGLESIAS F A,A=INCICCO L C,U=LASPINA L A,A=LIPOVETZKY D A,A=LÓPEZ KOENIG L G,A=LOSPENNATO S G,A=MAQUIEYRA M,A=MASSOT N M,A=MEDINA M N,A=MOLINA K A,U=MONALDI O,A=MONTENEGRO G T,A=NUÑEZ J C,A=OCAÑA M G,A=PICCOLOMINI M C,A=POLLEDO C,A=PRETTO P J,A=ROMA C G,A=SAHAD J E,A=SCAGLIA G,A=SCHLERETH D P,A=SCHMIDT LIERMANN C,A=STEFANI H A,A=TONELLI P G,A=TORELLO P,A=URROZ P,A=VILLA N S,U=VILLALONGA J C,A=WECHSLER M G,A=WISKY S J,A=WOLFF W E
63,U=ACERENZA S M C,A=AICEGA J,U=AMADEO E P,A=ANSALONI P M,A=BALDASSI H W,A=BERISSO H,A=BRAGAGNOLO S,A=BRAMBILLA S,A=BUIL S O,A=CÁCERES E A,U=CARAMBIA A J,A=ENRIQUEZ J R,A=FERNANDEZ LANGAN E,A=FREGONESE A,A=FRIZZA G A,A=GARCIA A,A=GARRETÓN F,A=GAYOL Y C,A=GONZÁLEZ Ã G,A=GRANDE M,U=HERS CABRAL A R,A=HUCZAK S M,A=HUMMEL A,A=IGLESIAS F A,A=INCICCO L C,U=LASPINA L A,A=LIPOVETZKY D A,A=LÓPEZ KOENIG L G,A=LOSPENNATO S G,A=MAQUIEYRA M,A=MASSOT N M,A=MEDINA M N,A=MOLINA K A,U=MONALDI O,A=MONTENEGRO G T,A=NUÑEZ J C,A=OCAÑA M G,A=PICCOLOMINI M C,A=POLLEDO C,A=PRETTO P J,A=ROMA C G,A=SAHAD J E,A=SCAGLIA G,A=SCHLERETH D P,A=SCHMIDT LIERMANN C,A=STEFANI H A,A=TONELLI P G,A=TORELLO P,A=URROZ P,A=VILLA N S,U=VILLALONGA J C,A=WECHSLER M G,A=WISKY S J,A=WOLFF W E
20,N=ACERENZA S M C,N=AICEGA J,N=AMADEO E P,N=ANSALONI P M,N=BALBO E S,N=BALDASSI H W,N=BERISSO H,N=BRAMBILLA S,N=BUIL S O,N=CÁCERES E A,N=CARAMBIA A J,N=ENRIQUEZ J R,N=FERNANDEZ LANGAN E,N=FREGONESE A,N=FRIZZA G A,N=GARCIA A,N=GARRETÓN F,N=GAYOL Y C,N=GONZÁLEZ Ã G,N=GRANDE M,N=HERS CABRAL A R,N=HUCZAK S M,N=HUMMEL A,N=IGLESIAS F A,N=INCICCO L C,N=LASPINA L A,N=LIPOVETZKY D A,U=LÓPEZ KOENIG L G,N=LOSPENNATO S G,N=MAQUIEYRA M,N=MASSOT N M,N=MEDINA M N,N=MOLINA K A,N=MONALDI O,U=MONTENEGRO G T,N=NUÑEZ J C,N=OCAÑA M G,N=PICCOLOMINI M C,N=POLLEDO C,N=PRETTO P J,N=ROMA C G,N=SAHAD J E,N=SCAGLIA G,N=SCHLERETH D P,N=SCHMIDT LIERMANN C,N=STEFANI H A,N=TONELLI P G,N=TORELLO P,N=URROZ P,N=VILLA N S,N=VILLALONGA J C,N=WECHSLER M G,N=WISKY S J,N=WOLFF W E
23,N=ACERENZA S M C,N=AICEGA J,N=AMADEO E P,N=ANSALONI P M,N=BALBO E S,N=BALDASSI H W,N=BERISSO H,N=BRAMBILLA S,N=BUIL S O,N=CÁCERES E A,N=CARAMBIA A J,N=ENRIQUEZ J R,N=FERNANDEZ LANGAN E,N=FREGONESE A,N=FRIZZA G A,N=GARCIA A,N=GARRETÓN F,N=GAYOL Y C,N=GONZÁLEZ Ã G,N=GRANDE M,N=HERS CABRAL A R,N=HUCZAK S M,N=HUMMEL A,N=IGLESIAS F A,N=INCICCO L C,N=LASPINA L A,N=LIPOVETZKY D A,N=LÓPEZ KOENIG L G,N=LOSPENNATO S G,N=MAQUIEYRA M,N=MASSOT N M,N=MEDINA M N,N=MOLINA K A,N=MONALDI O,U=MONTENEGRO G T,N=NUÑEZ J C,N=OCAÑA M G,N=PICCOLOMINI M C,N=POLLEDO C,N=PRETTO P J,N=ROMA C G,N=SAHAD J E,N=SCAGLIA G,N=SCHLERETH D P,N=SCHMIDT LIERMANN C,N=STEFANI H A,N=TONELLI P G,N=TORELLO P,N=URROZ P,N=VILLA N S,N=VILLALONGA J C,N=WECHSLER M G,N=WISKY S J,N=WOLFF W E
36,N=ACERENZA S M C,N=AICEGA J,N=AMADEO E P,N=ANSALONI P M,N=BALBO E S,N=BALDASSI H W,N=BERISSO H,N=BRAMBILLA S,N=BUIL S O,N=CÁCERES E A,U=CARAMBIA A J,N=ENRIQUEZ J R,N=FERNANDEZ LANGAN E,N=FREGONESE A,N=FRIZZA G A,N=GARCIA A,N=GARRETÓN F,N=GAYOL Y C,N=GONZÁLEZ Ã G,N=GRANDE M,N=HERS CABRAL A R,N=HUCZAK S M,N=HUMMEL A,N=IGLESIAS F A,N=INCICCO L C,N=LASPINA L A,U=LIPOVETZKY D A,N=LÓPEZ KOENIG L G,N=LOSPENNATO S G,N=MAQUIEYRA M,N=MASSOT N M,N=MEDINA M N,N=MOLINA K A,N=MONALDI O,U=MONTENEGRO G T,N=NUÑEZ J C,N=OCAÑA M G,N=PICCOLOMINI M C,N=POLLEDO C,N=PRETTO P J,N=ROMA C G,N=SAHAD J E,N=SCAGLIA G,N=SCHLERETH D P,N=SCHMIDT LIERMANN C,U=STEFANI H A,N=TONELLI P G,N=TORELLO P,N=URROZ P,N=VILLA N S,N=VILLALONGA J C,N=WECHSLER M G,N=WISKY S J,N=WOLFF W E
41,A=ACERENZA S M C,A=AICEGA J,A=AMADEO E P,A=ANSALONI P M,A=BALDASSI H W,A=BERISSO H,A=BRAGAGNOLO S,A=BRAMBILLA S,A=BUIL S O,A=CÁCERES E A,A=CARAMBIA A J,A=ENRIQUEZ J R,A=FERNANDEZ LANGAN E,A=FREGONESE A,A=FRIZZA G A,A=GARCIA A,A=GARRETÓN F,A=GAYOL Y C,A=GONZÁLEZ Ã G,A=GRANDE M,A=HERS CABRAL A R,A=HUCZAK S M,A=HUMMEL A,A=IGLESIAS F A,A=INCICCO L C,A=LASPINA L A,A=LIPOVETZKY D A,A=LÓPEZ KOENIG L G,A=LOSPENNATO S G,A=MAQUIEYRA M,A=MASSOT N M,A=MEDINA M N,A=MOLINA K A,A=MONALDI O,A=MONTENEGRO G T,A=NUÑEZ J C,A=OCAÑA M G,A=PICCOLOMINI M C,A=POLLEDO C,A=PRETTO P J,A=ROMA C G,A=SAHAD J E,A=SCAGLIA G,A=SCHLERETH D P,A=SCHMIDT LIERMANN C,A=STEFANI H A,A=TONELLI P G,A=TORELLO P,A=URROZ P,A=VILLA N S,A=VILLALONGA J C,A=WECHSLER M G,A=WISKY S J,A=WOLFF W E
50,N=ACERENZA S M C,N=AICEGA J,N=AMADEO E P,U=ANSALONI P M,N=BALDASSI H W,N=BERISSO H,N=BRAGAGNOLO S,N=BRAMBILLA S,N=BUIL S O,N=CÁCERES E A,U=CARAMBIA A J,N=ENRIQUEZ J R,N=FERNANDEZ LANGAN E,N=FREGONESE A,N=FRIZZA G A,N=GARCIA A,N=GARRETÓN F,N=GAYOL Y C,N=GONZÁLEZ Ã G,U=GRANDE M,U=HERS CABRAL A R,N=HUCZAK S M,N=HUMMEL A,N=IGLESIAS F A,N=INCICCO L C,U=LASPINA L A,N=LIPOVETZKY D A,N=LÓPEZ KOENIG L G,N=LOSPENNATO S G,N=MAQUIEYRA M,N=MASSOT N M,N=MEDINA M N,U=MOLINA K A,U=MONALDI O,N=MONTENEGRO G T,N=NUÑEZ J C,U=OCAÑA M G,N=PICCOLOMINI M C,N=POLLEDO C,N=PRETTO P J,N=ROMA C G,N=SAHAD J E,N=SCAGLIA G,N=SCHLERETH D P,N=SCHMIDT LIERMANN C,N=STEFANI H A,N=TONELLI P G,N=TORELLO P,N=URROZ P,N=VILLA N S,N=VILLALONGA J C,N=WECHSLER M G,N=WISKY S J,N=WOLFF W E
53,N=ACERENZA S M C,N=AICEGA J,N=AMADEO E P,N=ANSALONI P M,N=BALDASSI H W,U=BERISSO H,N=BRAGAGNOLO S,N=BRAMBILLA S,N=BUIL S O,N=CÁCERES E A,U=CARAMBIA A J,N=ENRIQUEZ J R,N=FERNANDEZ LANGAN E,N=FREGONESE A,N=FRIZZA G A,N=GARCIA A,N=GARRETÓN F,N=GAYOL Y C,N=GONZÁLEZ Ã G,U=GRANDE M,U=HERS CABRAL A R,N=HUCZAK S M,N=HUMMEL A,N=IGLESIAS F A,N=INCICCO L C,U=LASPINA L A,N=LIPOVETZKY D A,N=LÓPEZ KOENIG L G,N=LOSPENNATO S G,N=MAQUIEYRA M,N=MASSOT N M,N=MEDINA M N,U=MOLINA K A,U=MONALDI O,N=MONTENEGRO G T,N=NUÑEZ J C,N=OCAÑA M G,N=PICCOLOMINI M C,N=POLLEDO C,N=PRETTO P J,N=ROMA C G,N=SAHAD J E,N=SCAGLIA G,N=SCHLERETH D P,N=SCHMIDT LIERMANN C,N=STEFANI H A,N=TONELLI P G,N=TORELLO P,N=URROZ P,N=VILLA N S,N=VILLALONGA J C,N=WECHSLER M G,N=WISKY S J,N=WOLFF W E
54,N=ACERENZA S M C,N=AICEGA J,N=AMADEO E P,N=ANSALONI P M,N=BALDASSI H W,U=BERISSO H,N=BRAGAGNOLO S,N=BRAMBILLA S,N=BUIL S O,N=CÁCERES E A,U=CARAMBIA A J,N=ENRIQUEZ J R,N=FERNANDEZ LANGAN E,N=FREGONESE A,N=FRIZZA G A,N=GARCIA A,N=GARRETÓN F,N=GAYOL Y C,N=GONZÁLEZ Ã G,U=GRANDE M,U=HERS CABRAL A R,N=HUCZAK S M,N=HUMMEL A,N=IGLESIAS F A,N=INCICCO L C,U=LASPINA L A,N=LIPOVETZKY D A,N=LÓPEZ KOENIG L G,N=LOSPENNATO S G,N=MAQUIEYRA M,N=MASSOT N M,N=MEDINA M N,U=MOLINA K A,U=MONALDI O,U=MONTENEGRO G T,N=NUÑEZ J C,N=OCAÑA M G,N=PICCOLOMINI M C,N=POLLEDO C,N=PRETTO P J,N=ROMA C G,N=SAHAD J E,N=SCAGLIA G,N=SCHLERETH D P,N=SCHMIDT LIERMANN C,N=STEFANI H A,N=TONELLI P G,N=TORELLO P,N=URROZ P,N=VILLA N S,N=VILLALONGA J C,N=WECHSLER M G,U=WISKY S J,N=WOLFF W E
71,A=ACERENZA S M C,A=AICEGA J,A=AMADEO E P,A=ANSALONI P M,A=BALDASSI H W,A=BERISSO H,U=BRAGAGNOLO S,A=BRAMBILLA S,A=BUIL S O,U=CÁCERES E A,U=CARAMBIA A J,A=ENRIQUEZ J R,A=FERNANDEZ LANGAN E,A=FREGONESE A,A=FRIZZA G A,A=GARCIA A,A=GARRETÓN F,U=GAYOL Y C,A=GONZÁLEZ Ã G,A=GRANDE M,U=HERS CABRAL A R,U=HUCZAK S M,A=HUMMEL A,A=IGLESIAS F A,A=INCICCO L C,U=LASPINA L A,A=LIPOVETZKY D A,A=LÓPEZ KOENIG L G,A=LOSPENNATO S G,A=MAQUIEYRA M,A=MASSOT N M,U=MEDINA M N,A=MOLINA K A,U=MONALDI O,A=MONTENEGRO G T,A=NUÑEZ J C,A=OCAÑA M G,A=PICCOLOMINI M C,A=POLLEDO C,A=PRETTO P J,A=ROMA C G,A=SAHAD J E,A=SCAGLIA G,A=SCHLERETH D P,A=SCHMIDT LIERMANN C,A=STEFANI H A,A=TONELLI P G,A=TORELLO P,A=URROZ P,A=VILLA N S,A=VILLALONGA J C,A=WECHSLER M G,A=WISKY S J,A=WOLFF W E
13,N=ACERENZA S M C,N=AICEGA J,N=AMADEO E P,N=ANSALONI P M,N=BALBO E S,N=BALDASSI H W,N=BERISSO H,N=BRAMBILLA S,N=BUIL S O,N=CÁCERES E A,N=CARAMBIA A J,N=ENRIQUEZ J R,N=FERNANDEZ LANGAN E,N=FREGONESE A,N=FRIZZA G A,N=GARCIA A,N=GARRETÓN F,N=GAYOL Y C,N=GONZÁLEZ Ã G,N=GRANDE M,N=HERS CABRAL A R,N=HUCZAK S M,N=HUMMEL A,N=IGLESIAS F A,N=INCICCO L C,N=LASPINA L A,N=LIPOVETZKY D A,N=LÓPEZ KOENIG L G,N=LOSPENNATO S G,N=MAQUIEYRA M,U=MASSOT N M,N=MEDINA M N,N=MOLINA K A,N=MONALDI O,U=MONTENEGRO G T,N=NUÑEZ J C,N=OCAÑA M G,N=PICCOLOMINI M C,N=POLLEDO C,N=PRETTO P J,N=ROMA C G,N=SAHAD J E,N=SCAGLIA G,N=SCHLERETH D P,N=SCHMIDT LIERMANN C,N=STEFANI H A,N=TONELLI P G,N=TORELLO P,N=URROZ P,N=VILLA N S,N=VILLALONGA J C,N=WECHSLER M G,N=WISKY S J,N=WOLFF W E
17,N=ACERENZA S M C,N=AICEGA J,N=AMADEO E P,N=ANSALONI P M,N=BALBO E S,N=BALDASSI H W,N=BERISSO H,N=BRAMBILLA S,N=BUIL S O,N=CÁCERES E A,N=CARAMBIA A J,N=ENRIQUEZ J R,N=FERNANDEZ LANGAN E,N=FREGONESE A,N=FRIZZA G A,N=GARCIA A,N=GARRETÓN F,N=GAYOL Y C,N=GONZÁLEZ Ã G,N=GRANDE M,N=HERS CABRAL A R,N=HUCZAK S M,N=HUMMEL A,N=IGLESIAS F A,N=INCICCO L C,N=LASPINA L A,N=LIPOVETZKY D A,N=LÓPEZ KOENIG L G,N=LOSPENNATO S G,N=MAQUIEYRA M,N=MASSOT N M,N=MEDINA M N,N=MOLINA K A,N=MONALDI O,U=MONTENEGRO G T,N=NUÑEZ J C,N=OCAÑA M G,N=PICCOLOMINI M C,N=POLLEDO C,N=PRETTO P J,N=ROMA C G,N=SAHAD J E,N=SCAGLIA G,N=SCHLERETH D P,N=SCHMIDT LIERMANN C,N=STEFANI H A,N=TONELLI P G,N=TORELLO P,N=URROZ P,N=VILLA N S,N=VILLALONGA J C,N=WECHSLER M G,N=WISKY S J,N=WOLFF W E
7,A=ACERENZA S M C,A=AICEGA J,A=AMADEO E P,A=ANSALONI P M,A=BALBO E S,A=BALDASSI H W,A=BERISSO H,A=BRAMBILLA S,A=BUIL S O,A=CÁCERES E A,A=CARAMBIA A J,A=ENRIQUEZ J R,A=FERNANDEZ LANGAN E,A=FREGONESE A,A=FRIZZA G A,U=GARCIA A,A=GARRETÓN F,A=GAYOL Y C,A=GONZÁLEZ Ã G,A=GRANDE M,A=HERS CABRAL A R,A=HUCZAK S M,A=HUMMEL A,A=IGLESIAS F A,A=INCICCO L C,A=LASPINA L A,A=LIPOVETZKY D A,A=LÓPEZ KOENIG L G,A=LOSPENNATO S G,A=MAQUIEYRA M,A=MASSOT N M,A=MEDINA M N,A=MOLINA K A,A=MONALDI O,A=MONTENEGRO G T,A=NUÑEZ J C,A=OCAÑA M G,A=PICCOLOMINI M C,A=POLLEDO C,A=PRETTO P J,A=ROMA C G,A=SAHAD J E,A=SCAGLIA G,A=SCHLERETH D P,A=SCHMIDT LIERMANN C,A=STEFANI H A,A=TONELLI P G,A=TORELLO P,A=URROZ P,A=VILLA N S,A=VILLALONGA J C,A=WECHSLER M G,A=WISKY S J,A=WOLFF W E
9,A=ACERENZA S M C,A=AICEGA J,A=AMADEO E P,A=ANSALONI P M,A=BALBO E S,A=BALDASSI H W,A=BERISSO H,A=BRAMBILLA S,A=BUIL S O,A=CÁCERES E A,A=CARAMBIA A J,A=ENRIQUEZ J R,A=FERNANDEZ LANGAN E,A=FREGONESE A,A=FRIZZA G A,U=GARCIA A,A=GARRETÓN F,A=GAYOL Y C,A=GONZÁLEZ Ã G,A=GRANDE M,U=HERS CABRAL A R,A=HUCZAK S M,A=HUMMEL A,A=IGLESIAS F A,A=INCICCO L C,A=LASPINA L A,A=LIPOVETZKY D A,A=LÓPEZ KOENIG L G,A=LOSPENNATO S G,A=MAQUIEYRA M,A=MASSOT N M,A=MEDINA M N,A=MOLINA K A,A=MONALDI O,A=MONTENEGRO G T,A=NUÑEZ J C,B=OCAÑA M G,A=PICCOLOMINI M C,A=POLLEDO C,A=PRETTO P J,A=ROMA C G,A=SAHAD J E,A=SCAGLIA G,A=SCHLERETH D P,A=SCHMIDT LIERMANN C,A=STEFANI H A,A=TONELLI P G,A=TORELLO P,A=URROZ P,A=VILLA N S,A=VILLALONGA J C,A=WECHSLER M G,A=WISKY S J,A=WOLFF W E
68,U=ACERENZA S M C,A=AICEGA J,A=AMADEO E P,A=ANSALONI P M,A=BALDASSI H W,A=BERISSO H,A=BRAGAGNOLO S,A=BRAMBILLA S,A=BUIL S O,A=CÁCERES E A,U=CARAMBIA A J,A=ENRIQUEZ J R,A=FERNANDEZ LANGAN E,A=FREGONESE A,A=FRIZZA G A,A=GARCIA A,A=GARRETÓN F,A=GAYOL Y C,U=GONZÁLEZ Ã G,A=GRANDE M,U=HERS CABRAL A R,A=HUCZAK S M,A=HUMMEL A,A=IGLESIAS F A,U=INCICCO L C,U=LASPINA L A,A=LIPOVETZKY D A,A=LÓPEZ KOENIG L G,A=LOSPENNATO S G,A=MAQUIEYRA M,A=MASSOT N M,A=MEDINA M N,A=MOLINA K A,U=MONALDI O,A=MONTENEGRO G T,A=NUÑEZ J C,A=OCAÑA M G,U=PICCOLOMINI M C,A=POLLEDO C,A=PRETTO P J,A=ROMA C G,A=SAHAD J E,A=SCAGLIA G,A=SCHLERETH D P,A=SCHMIDT LIERMANN C,A=STEFANI H A,A=TONELLI P G,A=TORELLO P,A=URROZ P,A=VILLA N S,A=VILLALONGA J C,A=WECHSLER M G,A=WISKY S J,A=WOLFF W E
1,N=ACERENZA S M C,N=AICEGA J,N=AMADEO E P,N=ANSALONI P M,N=BALBO E S,N=BALDASSI H W,N=BERISSO H,N=BRAMBILLA S,N=BUIL S O,N=CÁCERES E A,N=CARAMBIA A J,N=ENRIQUEZ J R,N=FERNANDEZ LANGAN E,N=FREGONESE A,N=FRIZZA G A,N=GARCIA A,N=GARRETÓN F,N=GAYOL Y C,N=GONZÁLEZ Ã G,N=GRANDE M,N=HERS CABRAL A R,N=HUCZAK S M,N=HUMMEL A,N=IGLESIAS F A,N=INCICCO L C,N=LASPINA L A,N=LIPOVETZKY D A,N=LÓPEZ KOENIG L G,N=LOSPENNATO S G,N=MAQUIEYRA M,N=MASSOT N M,N=MEDINA M N,N=MOLINA K A,N=MONALDI O,N=MONTENEGRO G T,N=NUÑEZ J C,N=OCAÑA M G,N=PICCOLOMINI M C,N=POLLEDO C,N=PRETTO P J,N=ROMA C G,N=SAHAD J E,N=SCAGLIA G,N=SCHLERETH D P,N=SCHMIDT LIERMANN C,N=STEFANI H A,N=TONELLI P G,N=TORELLO P,N=URROZ P,N=VILLA N S,N=VILLALONGA J C,N=WECHSLER M G,N=WISKY S J,N=WOLFF W E
3,U=ACERENZA S M C,A=AICEGA J,A=AMADEO E P,A=ANSALONI P M,A=BALBO E S,A=BALDASSI H W,A=BERISSO H,A=BRAMBILLA S,A=BUIL S O,A=CÁCERES E A,A=CARAMBIA A J,A=ENRIQUEZ J R,A=FERNANDEZ LANGAN E,A=FREGONESE A,A=FRIZZA G A,A=GARCIA A,A=GARRETÓN F,A=GAYOL Y C,A=GONZÁLEZ Ã G,A=GRANDE M,A=HERS CABRAL A R,A=HUCZAK S M,U=HUMMEL A,A=IGLESIAS F A,A=INCICCO L C,A=LASPINA L A,A=LIPOVETZKY D A,U=LÓPEZ KOENIG L G,A=LOSPENNATO S G,A=MAQUIEYRA M,A=MASSOT N M,A=MEDINA M N,A=MOLINA K A,A=MONALDI O,A=MONTENEGRO G T,A=NUÑEZ J C,U=OCAÑA M G,A=PICCOLOMINI M C,A=POLLEDO C,A=PRETTO P J,A=ROMA C G,A=SAHAD J E,A=SCAGLIA G,A=SCHLERETH D P,A=SCHMIDT LIERMANN C,A=STEFANI H A,A=TONELLI P G,A=TORELLO P,A=URROZ P,A=VILLA N S,A=VILLALONGA J C,A=WECHSLER M G,U=WISKY S J,A=WOLFF W E
49,N=ACERENZA S M C,N=AICEGA J,N=AMADEO E P,U=ANSALONI P M,N=BALDASSI H W,N=BERISSO H,N=BRAGAGNOLO S,N=BRAMBILLA S,N=BUIL S O,N=CÁCERES E A,U=CARAMBIA A J,N=ENRIQUEZ J R,N=FERNANDEZ LANGAN E,N=FREGONESE A,N=FRIZZA G A,N=GARCIA A,N=GARRETÓN F,N=GAYOL Y C,N=GONZÁLEZ Ã G,U=GRANDE M,U=HERS CABRAL A R,N=HUCZAK S M,N=HUMMEL A,N=IGLESIAS F A,N=INCICCO L C,U=LASPINA L A,N=LIPOVETZKY D A,N=LÓPEZ KOENIG L G,N=LOSPENNATO S G,N=MAQUIEYRA M,N=MASSOT N M,N=MEDINA M N,U=MOLINA K A,U=MONALDI O,N=MONTENEGRO G T,N=NUÑEZ J C,U=OCAÑA M G,N=PICCOLOMINI M C,N=POLLEDO C,N=PRETTO P J,N=ROMA C G,N=SAHAD J E,N=SCAGLIA G,N=SCHLERETH D P,N=SCHMIDT LIERMANN C,N=STEFANI H A,N=TONELLI P G,N=TORELLO P,N=URROZ P,N=VILLA N S,N=VILLALONGA J C,N=WECHSLER M G,N=WISKY S J,N=WOLFF W E
58,U=ACERENZA S M C,A=AICEGA J,A=AMADEO E P,A=ANSALONI P M,U=BALDASSI H W,A=BERISSO H,A=BRAGAGNOLO S,A=BRAMBILLA S,A=BUIL S O,A=CÁCERES E A,U=CARAMBIA A J,A=ENRIQUEZ J R,A=FERNANDEZ LANGAN E,A=FREGONESE A,A=FRIZZA G A,A=GARCIA A,A=GARRETÓN F,A=GAYOL Y C,A=GONZÁLEZ Ã G,A=GRANDE M,U=HERS CABRAL A R,A=HUCZAK S M,A=HUMMEL A,A=IGLESIAS F A,A=INCICCO L C,U=LASPINA L A,A=LIPOVETZKY D A,A=LÓPEZ KOENIG L G,A=LOSPENNATO S G,A=MAQUIEYRA M,A=MASSOT N M,A=MEDINA M N,A=MOLINA K A,U=MONALDI O,A=MONTENEGRO G T,A=NUÑEZ J C,A=OCAÑA M G,A=PICCOLOMINI M C,A=POLLEDO C,A=PRETTO P J,A=ROMA C G,A=SAHAD J E,A=SCAGLIA G,A=SCHLERETH D P,A=SCHMIDT LIERMANN C,A=STEFANI H A,A=TONELLI P G,A=TORELLO P,A=URROZ P,A=VILLA N S,A=VILLALONGA J C,A=WECHSLER M G,A=WISKY S J,A=WOLFF W E
70,A=ACERENZA S M C,A=AICEGA J,A=AMADEO E P,A=ANSALONI P M,A=BALDASSI H W,A=BERISSO H,U=BRAGAGNOLO S,A=BRAMBILLA S,A=BUIL S O,A=CÁCERES E A,U=CARAMBIA A J,A=ENRIQUEZ J R,A=FERNANDEZ LANGAN E,A=FREGONESE A,A=FRIZZA G A,A=GARCIA A,A=GARRETÓN F,A=GAYOL Y C,A=GONZÁLEZ Ã G,A=GRANDE M,U=HERS CABRAL A R,U=HUCZAK S M,A=HUMMEL A,A=IGLESIAS F A,A=INCICCO L C,U=LASPINA L A,A=LIPOVETZKY D A,A=LÓPEZ KOENIG L G,A=LOSPENNATO S G,A=MAQUIEYRA M,A=MASSOT N M,U=MEDINA M N,A=MOLINA K A,U=MONALDI O,A=MONTENEGRO G T,A=NUÑEZ J C,A=OCAÑA M G,A=PICCOLOMINI M C,A=POLLEDO C,A=PRETTO P J,A=ROMA C G,A=SAHAD J E,A=SCAGLIA G,A=SCHLERETH D P,A=SCHMIDT LIERMANN C,A=STEFANI H A,A=TONELLI P G,A=TORELLO P,A=URROZ P,A=VILLA N S,A=VILLALONGA J C,A=WECHSLER M G,A=WISKY S J,A=WOLFF W E
19,N=ACERENZA S M C,N=AICEGA J,N=AMADEO E P,N=ANSALONI P M,N=BALBO E S,N=BALDASSI H W,N=BERISSO H,N=BRAMBILLA S,N=BUIL S O,N=CÁCERES E A,N=CARAMBIA A J,N=ENRIQUEZ J R,N=FERNANDEZ LANGAN E,N=FREGONESE A,N=FRIZZA G A,N=GARCIA A,N=GARRETÓN F,N=GAYOL Y C,N=GONZÁLEZ Ã G,N=GRANDE M,N=HERS CABRAL A R,N=HUCZAK S M,N=HUMMEL A,N=IGLESIAS F A,N=INCICCO L C,N=LASPINA L A,N=LIPOVETZKY D A,N=LÓPEZ KOENIG L G,N=LOSPENNATO S G,N=MAQUIEYRA M,N=MASSOT N M,N=MEDINA M N,N=MOLINA K A,N=MONALDI O,U=MONTENEGRO G T,N=NUÑEZ J C,N=OCAÑA M G,N=PICCOLOMINI M C,N=POLLEDO C,N=PRETTO P J,N=ROMA C G,N=SAHAD J E,N=SCAGLIA G,N=SCHLERETH D P,N=SCHMIDT LIERMANN C,N=STEFANI H A,N=TONELLI P G,N=TORELLO P,N=URROZ P,N=VILLA N S,N=VILLALONGA J C,N=WECHSLER M G,N=WISKY S J,N=WOLFF W E
29,N=ACERENZA S M C,N=AICEGA J,N=AMADEO E P,N=ANSALONI P M,N=BALBO E S,N=BALDASSI H W,U=BERISSO H,N=BRAMBILLA S,N=BUIL S O,N=CÁCERES E A,N=CARAMBIA A J,N=ENRIQUEZ J R,N=FERNANDEZ LANGAN E,N=FREGONESE A,N=FRIZZA G A,N=GARCIA A,N=GARRETÓN F,N=GAYOL Y C,N=GONZÁLEZ Ã G,N=GRANDE M,N=HERS CABRAL A R,N=HUCZAK S M,N=HUMMEL A,N=IGLESIAS F A,N=INCICCO L C,N=LASPINA L A,N=LIPOVETZKY D A,N=LÓPEZ KOENIG L G,N=LOSPENNATO S G,N=MAQUIEYRA M,N=MASSOT N M,N=MEDINA M N,N=MOLINA K A,N=MONALDI O,U=MONTENEGRO G T,N=NUÑEZ J C,N=OCAÑA M G,N=PICCOLOMINI M C,N=POLLEDO C,N=PRETTO P J,N=ROMA C G,N=SAHAD J E,N=SCAGLIA G,N=SCHLERETH D P,N=SCHMIDT LIERMANN C,N=STEFANI H A,N=TONELLI P G,N=TORELLO P,N=URROZ P,N=VILLA N S,N=VILLALONGA J C,N=WECHSLER M G,N=WISKY S J,N=WOLFF W E
31,N=ACERENZA S M C,N=AICEGA J,N=AMADEO E P,N=ANSALONI P M,U=BALBO E S,N=BALDASSI H W,N=BERISSO H,N=BRAMBILLA S,N=BUIL S O,N=CÁCERES E A,N=CARAMBIA A J,N=ENRIQUEZ J R,N=FERNANDEZ LANGAN E,N=FREGONESE A,N=FRIZZA G A,N=GARCIA A,N=GARRETÓN F,N=GAYOL Y C,N=GONZÁLEZ Ã G,N=GRANDE M,N=HERS CABRAL A R,N=HUCZAK S M,N=HUMMEL A,N=IGLESIAS F A,N=INCICCO L C,N=LASPINA L A,N=LIPOVETZKY D A,N=LÓPEZ KOENIG L G,N=LOSPENNATO S G,N=MAQUIEYRA M,N=MASSOT N M,N=MEDINA M N,N=MOLINA K A,N=MONALDI O,U=MONTENEGRO G T,N=NUÑEZ J C,N=OCAÑA M G,N=PICCOLOMINI M C,N=POLLEDO C,N=PRETTO P J,N=ROMA C G,N=SAHAD J E,N=SCAGLIA G,N=SCHLERETH D P,N=SCHMIDT LIERMANN C,N=STEFANI H A,N=TONELLI P G,N=TORELLO P,N=URROZ P,N=VILLA N S,N=VILLALONGA J C,N=WECHSLER M G,N=WISKY S J,N=WOLFF W E
57,U=ACERENZA S M C,N=AICEGA J,N=AMADEO E P,N=ANSALONI P M,U=BALDASSI H W,N=BERISSO H,N=BRAGAGNOLO S,N=BRAMBILLA S,N=BUIL S O,N=CÁCERES E A,U=CARAMBIA A J,N=ENRIQUEZ J R,N=FERNANDEZ LANGAN E,N=FREGONESE A,U=FRIZZA G A,N=GARCIA A,N=GARRETÓN F,N=GAYOL Y C,U=GONZÁLEZ Ã G,U=GRANDE M,U=HERS CABRAL A R,N=HUCZAK S M,U=HUMMEL A,N=IGLESIAS F A,N=INCICCO L C,U=LASPINA L A,N=LIPOVETZKY D A,N=LÓPEZ KOENIG L G,N=LOSPENNATO S G,N=MAQUIEYRA M,N=MASSOT N M,N=MEDINA M N,U=MOLINA K A,U=MONALDI O,N=MONTENEGRO G T,N=NUÑEZ J C,N=OCAÑA M G,N=PICCOLOMINI M C,N=POLLEDO C,N=PRETTO P J,N=ROMA C G,N=SAHAD J E,N=SCAGLIA G,N=SCHLERETH D P,N=SCHMIDT LIERMANN C,N=STEFANI H A,N=TONELLI P G,N=TORELLO P,N=URROZ P,N=VILLA N S,N=VILLALONGA J C,N=WECHSLER M G,U=WISKY S J,N=WOLFF W E
40,N=ACERENZA S M C,N=AICEGA J,N=AMADEO E P,N=ANSALONI P M,N=BALDASSI H W,N=BERISSO H,N=BRAGAGNOLO S,N=BRAMBILLA S,N=BUIL S O,N=CÁCERES E A,N=CARAMBIA A J,N=ENRIQUEZ J R,N=FERNANDEZ LANGAN E,N=FREGONESE A,N=FRIZZA G A,N=GARCIA A,N=GARRETÓN F,N=GAYOL Y C,N=GONZÁLEZ Ã G,N=GRANDE M,N=HERS CABRAL A R,N=HUCZAK S M,N=HUMMEL A,N=IGLESIAS F A,N=INCICCO L C,N=LASPINA L A,N=LIPOVETZKY D A,N=LÓPEZ KOENIG L G,N=LOSPENNATO S G,N=MAQUIEYRA M,N=MASSOT N M,N=MEDINA M N,N=MOLINA K A,N=MONALDI O,N=MONTENEGRO G T,N=NUÑEZ J C,U=OCAÑA M G,N=PICCOLOMINI M C,N=POLLEDO C,N=PRETTO P J,B=ROMA C G,N=SAHAD J E,N=SCAGLIA G,N=SCHLERETH D P,N=SCHMIDT LIERMANN C,N=STEFANI H A,N=TONELLI P G,N=TORELLO P,N=URROZ P,N=VILLA N S,N=VILLALONGA J C,N=WECHSLER M G,N=WISKY S J,N=WOLFF W E
60,U=ACERENZA S M C,A=AICEGA J,A=AMADEO E P,A=ANSALONI P M,A=BALDASSI H W,A=BERISSO H,A=BRAGAGNOLO S,A=BRAMBILLA S,A=BUIL S O,A=CÁCERES E A,U=CARAMBIA A J,A=ENRIQUEZ J R,A=FERNANDEZ LANGAN E,A=FREGONESE A,A=FRIZZA G A,A=GARCIA A,A=GARRETÓN F,A=GAYOL Y C,A=GONZÁLEZ Ã G,A=GRANDE M,U=HERS CABRAL A R,A=HUCZAK S M,A=HUMMEL A,A=IGLESIAS F A,A=INCICCO L C,U=LASPINA L A,A=LIPOVETZKY D A,A=LÓPEZ KOENIG L G,A=LOSPENNATO S G,A=MAQUIEYRA M,A=MASSOT N M,A=MEDINA M N,A=MOLINA K A,U=MONALDI O,A=MONTENEGRO G T,A=NUÑEZ J C,A=OCAÑA M G,A=PICCOLOMINI M C,A=POLLEDO C,A=PRETTO P J,A=ROMA C G,A=SAHAD J E,A=SCAGLIA G,A=SCHLERETH D P,A=SCHMIDT LIERMANN C,A=STEFANI H A,A=TONELLI P G,A=TORELLO P,A=URROZ P,A=VILLA N S,A=VILLALONGA J C,A=WECHSLER M G,A=WISKY S J,A=WOLFF W E
27,N=ACERENZA S M C,N=AICEGA J,N=AMADEO E P,N=ANSALONI P M,N=BALBO E S,N=BALDASSI H W,N=BERISSO H,N=BRAMBILLA S,N=BUIL S O,N=CÁCERES E A,N=CARAMBIA A J,N=ENRIQUEZ J R,N=FERNANDEZ LANGAN E,N=FREGONESE A,N=FRIZZA G A,N=GARCIA A,N=GARRETÓN F,N=GAYOL Y C,N=GONZÁLEZ Ã G,N=GRANDE M,N=HERS CABRAL A R,N=HUCZAK S M,N=HUMMEL A,N=IGLESIAS F A,N=INCICCO L C,N=LASPINA L A,N=LIPOVETZKY D A,N=LÓPEZ KOENIG L G,N=LOSPENNATO S G,N=MAQUIEYRA M,N=MASSOT N M,N=MEDINA M N,N=MOLINA K A,N=MONALDI O,U=MONTENEGRO G T,N=NUÑEZ J C,N=OCAÑA M G,N=PICCOLOMINI M C,N=POLLEDO C,N=PRETTO P J,N=ROMA C G,N=SAHAD J E,N=SCAGLIA G,N=SCHLERETH D P,N=SCHMIDT LIERMANN C,N=STEFANI H A,N=TONELLI P G,N=TORELLO P,N=URROZ P,N=VILLA N S,N=VILLALONGA J C,N=WECHSLER M G,N=WISKY S J,N=WOLFF W E
32,N=ACERENZA S M C,N=AICEGA J,N=AMADEO E P,N=ANSALONI P M,N=BALBO E S,N=BALDASSI H W,N=BERISSO H,N=BRAMBILLA S,N=BUIL S O,N=CÁCERES E A,N=CARAMBIA A J,N=ENRIQUEZ J R,N=FERNANDEZ LANGAN E,N=FREGONESE A,N=FRIZZA G A,N=GARCIA A,N=GARRETÓN F,N=GAYOL Y C,N=GONZÁLEZ Ã G,N=GRANDE M,U=HERS CABRAL A R,N=HUCZAK S M,N=HUMMEL A,N=IGLESIAS F A,N=INCICCO L C,N=LASPINA L A,N=LIPOVETZKY D A,N=LÓPEZ KOENIG L G,N=LOSPENNATO S G,N=MAQUIEYRA M,N=MASSOT N M,N=MEDINA M N,N=MOLINA K A,N=MONALDI O,U=MONTENEGRO G T,N=NUÑEZ J C,N=OCAÑA M G,N=PICCOLOMINI M C,N=POLLEDO C,N=PRETTO P J,N=ROMA C G,N=SAHAD J E,N=SCAGLIA G,N=SCHLERETH D P,N=SCHMIDT LIERMANN C,N=STEFANI H A,N=TONELLI P G,N=TORELLO P,N=URROZ P,N=VILLA N S,N=VILLALONGA J C,N=WECHSLER M G,N=WISKY S J,N=WOLFF W E
14,N=ACERENZA S M C,N=AICEGA J,N=AMADEO E P,N=ANSALONI P M,N=BALBO E S,N=BALDASSI H W,N=BERISSO H,N=BRAMBILLA S,N=BUIL S O,N=CÁCERES E A,N=CARAMBIA A J,N=ENRIQUEZ J R,N=FERNANDEZ LANGAN E,N=FREGONESE A,N=FRIZZA G A,N=GARCIA A,N=GARRETÓN F,N=GAYOL Y C,N=GONZÁLEZ Ã G,N=GRANDE M,N=HERS CABRAL A R,N=HUCZAK S M,N=HUMMEL A,N=IGLESIAS F A,N=INCICCO L C,N=LASPINA L A,N=LIPOVETZKY D A,N=LÓPEZ KOENIG L G,N=LOSPENNATO S G,N=MAQUIEYRA M,N=MASSOT N M,N=MEDINA M N,N=MOLINA K A,N=MONALDI O,U=MONTENEGRO G T,N=NUÑEZ J C,N=OCAÑA M G,N=PICCOLOMINI M C,N=POLLEDO C,N=PRETTO P J,U=ROMA C G,N=SAHAD J E,N=SCAGLIA G,N=SCHLERETH D P,N=SCHMIDT LIERMANN C,N=STEFANI H A,N=TONELLI P G,N=TORELLO P,N=URROZ P,N=VILLA N S,N=VILLALONGA J C,N=WECHSLER M G,N=WISKY S J,N=WOLFF W E
16,N=ACERENZA S M C,N=AICEGA J,N=AMADEO E P,N=ANSALONI P M,N=BALBO E S,N=BALDASSI H W,N=BERISSO H,N=BRAMBILLA S,N=BUIL S O,N=CÁCERES E A,N=CARAMBIA A J,N=ENRIQUEZ J R,N=FERNANDEZ LANGAN E,N=FREGONESE A,N=FRIZZA G A,N=GARCIA A,N=GARRETÓN F,N=GAYOL Y C,N=GONZÁLEZ Ã G,N=GRANDE M,N=HERS CABRAL A R,N=HUCZAK S M,N=HUMMEL A,N=IGLESIAS F A,N=INCICCO L C,N=LASPINA L A,N=LIPOVETZKY D A,N=LÓPEZ KOENIG L G,N=LOSPENNATO S G,N=MAQUIEYRA M,N=MASSOT N M,N=MEDINA M N,N=MOLINA K A,N=MONALDI O,U=MONTENEGRO G T,N=NUÑEZ J C,N=OCAÑA M G,N=PICCOLOMINI M C,N=POLLEDO C,N=PRETTO P J,N=ROMA C G,N=SAHAD J E,N=SCAGLIA G,N=SCHLERETH D P,N=SCHMIDT LIERMANN C,N=STEFANI H A,N=TONELLI P G,N=TORELLO P,N=URROZ P,N=VILLA N S,N=VILLALONGA J C,N=WECHSLER M G,N=WISKY S J,N=WOLFF W E
21,N=ACERENZA S M C,N=AICEGA J,N=AMADEO E P,N=ANSALONI P M,N=BALBO E S,N=BALDASSI H W,N=BERISSO H,N=BRAMBILLA S,N=BUIL S O,N=CÁCERES E A,N=CARAMBIA A J,N=ENRIQUEZ J R,N=FERNANDEZ LANGAN E,N=FREGONESE A,N=FRIZZA G A,N=GARCIA A,N=GARRETÓN F,N=GAYOL Y C,N=GONZÁLEZ Ã G,N=GRANDE M,N=HERS CABRAL A R,N=HUCZAK S M,N=HUMMEL A,N=IGLESIAS F A,N=INCICCO L C,N=LASPINA L A,N=LIPOVETZKY D A,U=LÓPEZ KOENIG L G,N=LOSPENNATO S G,N=MAQUIEYRA M,N=MASSOT N M,N=MEDINA M N,U=MOLINA K A,N=MONALDI O,U=MONTENEGRO G T,N=NUÑEZ J C,N=OCAÑA M G,N=PICCOLOMINI M C,N=POLLEDO C,N=PRETTO P J,N=ROMA C G,N=SAHAD J E,N=SCAGLIA G,N=SCHLERETH D P,N=SCHMIDT LIERMANN C,N=STEFANI H A,N=TONELLI P G,N=TORELLO P,N=URROZ P,N=VILLA N S,N=VILLALONGA J C,N=WECHSLER M G,N=WISKY S J,N=WOLFF W E
22,N=ACERENZA S M C,N=AICEGA J,N=AMADEO E P,N=ANSALONI P M,N=BALBO E S,N=BALDASSI H W,N=BERISSO H,N=BRAMBILLA S,N=BUIL S O,N=CÁCERES E A,N=CARAMBIA A J,N=ENRIQUEZ J R,N=FERNANDEZ LANGAN E,N=FREGONESE A,N=FRIZZA G A,N=GARCIA A,N=GARRETÓN F,N=GAYOL Y C,N=GONZÁLEZ Ã G,N=GRANDE M,N=HERS CABRAL A R,A=HUCZAK S M,N=HUMMEL A,N=IGLESIAS F A,N=INCICCO L C,N=LASPINA L A,N=LIPOVETZKY D A,N=LÓPEZ KOENIG L G,N=LOSPENNATO S G,N=MAQUIEYRA M,N=MASSOT N M,N=MEDINA M N,A=MOLINA K A,N=MONALDI O,U=MONTENEGRO G T,U=MONZÓ E,N=NUÑEZ J C,N=OCAÑA M G,N=PICCOLOMINI M C,N=POLLEDO C,N=PRETTO P J,N=ROMA C G,N=SAHAD J E,N=SCAGLIA G,N=SCHLERETH D P,N=SCHMIDT LIERMANN C,N=STEFANI H A,N=TONELLI P G,N=TORELLO P,N=URROZ P,N=VILLA N S,N=VILLALONGA J C,N=WECHSLER M G,N=WISKY S J,N=WOLFF W E
25,N=ACERENZA S M C,N=AICEGA J,N=AMADEO E P,U=ANSALONI P M,N=BALBO E S,N=BALDASSI H W,N=BERISSO H,N=BRAMBILLA S,N=BUIL S O,N=CÁCERES E A,N=CARAMBIA A J,N=ENRIQUEZ J R,N=FERNANDEZ LANGAN E,N=FREGONESE A,N=FRIZZA G A,N=GARCIA A,N=GARRETÓN F,N=GAYOL Y C,N=GONZÁLEZ Ã G,N=GRANDE M,N=HERS CABRAL A R,N=HUCZAK S M,N=HUMMEL A,N=IGLESIAS F A,N=INCICCO L C,N=LASPINA L A,N=LIPOVETZKY D A,N=LÓPEZ KOENIG L G,N=LOSPENNATO S G,N=MAQUIEYRA M,N=MASSOT N M,N=MEDINA M N,N=MOLINA K A,N=MONALDI O,U=MONTENEGRO G T,N=NUÑEZ J C,N=OCAÑA M G,N=PICCOLOMINI M C,N=POLLEDO C,B=PRETTO P J,N=ROMA C G,N=SAHAD J E,N=SCAGLIA G,N=SCHLERETH D P,N=SCHMIDT LIERMANN C,N=STEFANI H A,N=TONELLI P G,N=TORELLO P,N=URROZ P,N=VILLA N S,N=VILLALONGA J C,N=WECHSLER M G,N=WISKY S J,N=WOLFF W E
44,U=ACERENZA S M C,N=AICEGA J,N=AMADEO E P,N=ANSALONI P M,N=BALDASSI H W,N=BERISSO H,N=BRAGAGNOLO S,N=BRAMBILLA S,N=BUIL S O,N=CÁCERES E A,N=CARAMBIA A J,N=ENRIQUEZ J R,N=FERNANDEZ LANGAN E,N=FREGONESE A,N=FRIZZA G A,N=GARCIA A,N=GARRETÓN F,N=GAYOL Y C,N=GONZÁLEZ Ã G,N=GRANDE M,N=HERS CABRAL A R,N=HUCZAK S M,N=HUMMEL A,N=IGLESIAS F A,N=INCICCO L C,N=LASPINA L A,N=LIPOVETZKY D A,U=LÓPEZ KOENIG L G,N=LOSPENNATO S G,N=MAQUIEYRA M,N=MASSOT N M,N=MEDINA M N,N=MOLINA K A,N=MONALDI O,N=MONTENEGRO G T,N=NUÑEZ J C,N=OCAÑA M G,N=PICCOLOMINI M C,N=POLLEDO C,N=PRETTO P J,N=ROMA C G,N=SAHAD J E,N=SCAGLIA G,N=SCHLERETH D P,N=SCHMIDT LIERMANN C,N=STEFANI H A,N=TONELLI P G,N=TORELLO P,N=URROZ P,N=VILLA N S,N=VILLALONGA J C,N=WECHSLER M G,N=WISKY S J,N=WOLFF W E
6,A=ACERENZA S M C,A=AICEGA J,A=AMADEO E P,A=ANSALONI P M,A=BALBO E S,A=BALDASSI H W,A=BERISSO H,A=BRAMBILLA S,A=BUIL S O,A=CÁCERES E A,A=CARAMBIA A J,A=ENRIQUEZ J R,A=FERNANDEZ LANGAN E,A=FREGONESE A,A=FRIZZA G A,U=GARCIA A,A=GARRETÓN F,A=GAYOL Y C,A=GONZÁLEZ Ã G,A=GRANDE M,A=HERS CABRAL A R,A=HUCZAK S M,A=HUMMEL A,A=IGLESIAS F A,A=INCICCO L C,A=LASPINA L A,A=LIPOVETZKY D A,A=LÓPEZ KOENIG L G,A=LOSPENNATO S G,A=MAQUIEYRA M,A=MASSOT N M,A=MEDINA M N,A=MOLINA K A,A=MONALDI O,A=MONTENEGRO G T,A=NUÑEZ J C,A=OCAÑA M G,A=PICCOLOMINI M C,A=POLLEDO C,A=PRETTO P J,A=ROMA C G,A=SAHAD J E,A=SCAGLIA G,A=SCHLERETH D P,A=SCHMIDT LIERMANN C,A=STEFANI H A,A=TONELLI P G,A=TORELLO P,A=URROZ P,A=VILLA N S,A=VILLALONGA J C,A=WECHSLER M G,A=WISKY S J,A=WOLFF W E
8,A=ACERENZA S M C,A=AICEGA J,A=AMADEO E P,A=ANSALONI P M,A=BALBO E S,A=BALDASSI H W,A=BERISSO H,A=BRAMBILLA S,A=BUIL S O,A=CÁCERES E A,A=CARAMBIA A J,A=ENRIQUEZ J R,A=FERNANDEZ LANGAN E,A=FREGONESE A,A=FRIZZA G A,U=GARCIA A,A=GARRETÓN F,A=GAYOL Y C,A=GONZÁLEZ Ã G,A=GRANDE M,A=HERS CABRAL A R,A=HUCZAK S M,A=HUMMEL A,A=IGLESIAS F A,A=INCICCO L C,A=LASPINA L A,A=LIPOVETZKY D A,A=LÓPEZ KOENIG L G,A=LOSPENNATO S G,A=MAQUIEYRA M,A=MASSOT N M,A=MEDINA M N,A=MOLINA K A,A=MONALDI O,A=MONTENEGRO G T,A=NUÑEZ J C,A=OCAÑA M G,A=PICCOLOMINI M C,A=POLLEDO C,A=PRETTO P J,A=ROMA C G,A=SAHAD J E,A=SCAGLIA G,A=SCHLERETH D P,A=SCHMIDT LIERMANN C,A=STEFANI H A,A=TONELLI P G,A=TORELLO P,A=URROZ P,A=VILLA N S,A=VILLALONGA J C,A=WECHSLER M G,A=WISKY S J,A=WOLFF W E
67,U=ACERENZA S M C,A=AICEGA J,A=AMADEO E P,A=ANSALONI P M,A=BALDASSI H W,A=BERISSO H,A=BRAGAGNOLO S,A=BRAMBILLA S,A=BUIL S O,A=CÁCERES E A,U=CARAMBIA A J,U=ENRIQUEZ J R,A=FERNANDEZ LANGAN E,A=FREGONESE A,A=FRIZZA G A,A=GARCIA A,A=GARRETÓN F,A=GAYOL Y C,U=GONZÁLEZ Ã G,A=GRANDE M,U=HERS CABRAL A R,A=HUCZAK S M,A=HUMMEL A,A=IGLESIAS F A,A=INCICCO L C,U=LASPINA L A,A=LIPOVETZKY D A,A=LÓPEZ KOENIG L G,A=LOSPENNATO S G,A=MAQUIEYRA M,A=MASSOT N M,A=MEDINA M N,A=MOLINA K A,U=MONALDI O,A=MONTENEGRO G T,A=NUÑEZ J C,A=OCAÑA M G,A=PICCOLOMINI M C,A=POLLEDO C,U=PRETTO P J,A=ROMA C G,A=SAHAD J E,A=SCAGLIA G,A=SCHLERETH D P,A=SCHMIDT LIERMANN C,A=STEFANI H A,A=TONELLI P G,A=TORELLO P,A=URROZ P,A=VILLA N S,U=VILLALONGA J C,A=WECHSLER M G,U=WISKY S J,A=WOLFF W E
61,U=ACERENZA S M C,A=AICEGA J,A=AMADEO E P,A=ANSALONI P M,A=BALDASSI H W,A=BERISSO H,A=BRAGAGNOLO S,A=BRAMBILLA S,A=BUIL S O,A=CÁCERES E A,U=CARAMBIA A J,A=ENRIQUEZ J R,A=FERNANDEZ LANGAN E,A=FREGONESE A,B=FRIZZA G A,A=GARCIA A,A=GARRETÓN F,A=GAYOL Y C,A=GONZÁLEZ Ã G,A=GRANDE M,U=HERS CABRAL A R,A=HUCZAK S M,A=HUMMEL A,A=IGLESIAS F A,A=INCICCO L C,U=LASPINA L A,A=LIPOVETZKY D A,A=LÓPEZ KOENIG L G,A=LOSPENNATO S G,A=MAQUIEYRA M,A=MASSOT N M,A=MEDINA M N,A=MOLINA K A,U=MONALDI O,A=MONTENEGRO G T,A=NUÑEZ J C,A=OCAÑA M G,A=PICCOLOMINI M C,A=POLLEDO C,B=PRETTO P J,B=ROMA C G,A=SAHAD J E,A=SCAGLIA G,A=SCHLERETH D P,A=SCHMIDT LIERMANN C,B=STEFANI H A,A=TONELLI P G,B=TORELLO P,A=URROZ P,A=VILLA N S,A=VILLALONGA J C,A=WECHSLER M G,A=WISKY S J,B=WOLFF W E
64,U=ACERENZA S M C,A=AICEGA J,U=AMADEO E P,A=ANSALONI P M,A=BALDASSI H W,A=BERISSO H,A=BRAGAGNOLO S,A=BRAMBILLA S,A=BUIL S O,A=CÁCERES E A,U=CARAMBIA A J,A=ENRIQUEZ J R,A=FERNANDEZ LANGAN E,A=FREGONESE A,A=FRIZZA G A,A=GARCIA A,A=GARRETÓN F,A=GAYOL Y C,A=GONZÁLEZ Ã G,A=GRANDE M,U=HERS CABRAL A R,A=HUCZAK S M,A=HUMMEL A,A=IGLESIAS F A,A=INCICCO L C,U=LASPINA L A,A=LIPOVETZKY D A,A=LÓPEZ KOENIG L G,A=LOSPENNATO S G,A=MAQUIEYRA M,A=MASSOT N M,A=MEDINA M N,A=MOLINA K A,U=MONALDI O,A=MONTENEGRO G T,A=NUÑEZ J C,A=OCAÑA M G,A=PICCOLOMINI M C,A=POLLEDO C,A=PRETTO P J,A=ROMA C G,A=SAHAD J E,A=SCAGLIA G,A=SCHLERETH D P,A=SCHMIDT LIERMANN C,A=STEFANI H A,A=TONELLI P G,A=TORELLO P,A=URROZ P,A=VILLA N S,U=VILLALONGA J C,A=WECHSLER M G,U=WISKY S J,A=WOLFF W E
46,A=ACERENZA S M C,N=AICEGA J,N=AMADEO E P,N=ANSALONI P M,N=BALDASSI H W,N=BERISSO H,N=BRAGAGNOLO S,A=BRAMBILLA S,A=BUIL S O,N=CÁCERES E A,N=CARAMBIA A J,N=ENRIQUEZ J R,N=FERNANDEZ LANGAN E,N=FREGONESE A,N=FRIZZA G A,A=GARCIA A,N=GARRETÓN F,A=GAYOL Y C,N=GONZÁLEZ Ã G,N=GRANDE M,A=HERS CABRAL A R,N=HUCZAK S M,N=HUMMEL A,A=IGLESIAS F A,N=INCICCO L C,N=LASPINA L A,A=LIPOVETZKY D A,A=LÓPEZ KOENIG L G,A=LOSPENNATO S G,N=MAQUIEYRA M,N=MASSOT N M,N=MEDINA M N,N=MOLINA K A,N=MONALDI O,N=MONTENEGRO G T,N=NUÑEZ J C,A=OCAÑA M G,N=PICCOLOMINI M C,N=POLLEDO C,N=PRETTO P J,A=ROMA C G,N=SAHAD J E,N=SCAGLIA G,N=SCHLERETH D P,N=SCHMIDT LIERMANN C,A=STEFANI H A,N=TONELLI P G,N=TORELLO P,N=URROZ P,N=VILLA N S,A=VILLALONGA J C,A=WECHSLER M G,A=WISKY S J,A=WOLFF W E
28,N=ACERENZA S M C,N=AICEGA J,N=AMADEO E P,N=ANSALONI P M,N=BALBO E S,N=BALDASSI H W,N=BERISSO H,N=BRAMBILLA S,N=BUIL S O,N=CÁCERES E A,N=CARAMBIA A J,N=ENRIQUEZ J R,N=FERNANDEZ LANGAN E,N=FREGONESE A,N=FRIZZA G A,N=GARCIA A,N=GARRETÓN F,N=GAYOL Y C,N=GONZÁLEZ Ã G,N=GRANDE M,N=HERS CABRAL A R,N=HUCZAK S M,U=HUMMEL A,N=IGLESIAS F A,N=INCICCO L C,N=LASPINA L A,N=LIPOVETZKY D A,N=LÓPEZ KOENIG L G,N=LOSPENNATO S G,N=MAQUIEYRA M,N=MASSOT N M,N=MEDINA M N,N=MOLINA K A,N=MONALDI O,U=MONTENEGRO G T,N=NUÑEZ J C,N=OCAÑA M G,U=PICCOLOMINI M C,N=POLLEDO C,N=PRETTO P J,N=ROMA C G,N=SAHAD J E,N=SCAGLIA G,N=SCHLERETH D P,N=SCHMIDT LIERMANN C,N=STEFANI H A,N=TONELLI P G,N=TORELLO P,N=URROZ P,N=VILLA N S,N=VILLALONGA J C,N=WECHSLER M G,N=WISKY S J,N=WOLFF W E
42,A=ACERENZA S M C,A=AICEGA J,A=AMADEO E P,A=ANSALONI P M,A=BALDASSI H W,A=BERISSO H,A=BRAGAGNOLO S,A=BRAMBILLA S,A=BUIL S O,A=CÁCERES E A,A=CARAMBIA A J,A=ENRIQUEZ J R,A=FERNANDEZ LANGAN E,A=FREGONESE A,A=FRIZZA G A,A=GARCIA A,A=GARRETÓN F,A=GAYOL Y C,A=GONZÁLEZ Ã G,A=GRANDE M,A=HERS CABRAL A R,A=HUCZAK S M,A=HUMMEL A,A=IGLESIAS F A,A=INCICCO L C,A=LASPINA L A,A=LIPOVETZKY D A,A=LÓPEZ KOENIG L G,A=LOSPENNATO S G,A=MAQUIEYRA M,A=MASSOT N M,A=MEDINA M N,A=MOLINA K A,A=MONALDI O,A=MONTENEGRO G T,A=NUÑEZ J C,A=OCAÑA M G,A=PICCOLOMINI M C,A=POLLEDO C,A=PRETTO P J,A=ROMA C G,A=SAHAD J E,N=SCAGLIA G,A=SCHLERETH D P,A=SCHMIDT LIERMANN C,A=STEFANI H A,A=TONELLI P G,A=TORELLO P,A=URROZ P,A=VILLA N S,A=VILLALONGA J C,A=WECHSLER M G,A=WISKY S J,A=WOLFF W E
2,N=ACERENZA S M C,N=AICEGA J,N=AMADEO E P,N=ANSALONI P M,N=BALBO E S,N=BALDASSI H W,N=BERISSO H,N=BRAMBILLA S,N=BUIL S O,N=CÁCERES E A,N=CARAMBIA A J,N=ENRIQUEZ J R,N=FERNANDEZ LANGAN E,N=FREGONESE A,N=FRIZZA G A,N=GARCIA A,N=GARRETÓN F,N=GAYOL Y C,N=GONZÁLEZ Ã G,N=GRANDE M,N=HERS CABRAL A R,N=HUCZAK S M,N=HUMMEL A,N=IGLESIAS F A,N=INCICCO L C,N=LASPINA L A,N=LIPOVETZKY D A,N=LÓPEZ KOENIG L G,N=LOSPENNATO S G,N=MAQUIEYRA M,N=MASSOT N M,N=MEDINA M N,N=MOLINA K A,N=MONALDI O,N=MONTENEGRO G T,N=NUÑEZ J C,N=OCAÑA M G,N=PICCOLOMINI M C,N=POLLEDO C,N=PRETTO P J,N=ROMA C G,N=SAHAD J E,N=SCAGLIA G,N=SCHLERETH D P,N=SCHMIDT LIERMANN C,N=STEFANI H A,N=TONELLI P G,N=TORELLO P,N=URROZ P,N=VILLA N S,N=VILLALONGA J C,N=WECHSLER M G,N=WISKY S J,N=WOLFF W E
35,N=ACERENZA S M C,N=AICEGA J,N=AMADEO E P,N=ANSALONI P M,N=BALBO E S,N=BALDASSI H W,N=BERISSO H,N=BRAMBILLA S,N=BUIL S O,N=CÁCERES E A,N=CARAMBIA A J,N=ENRIQUEZ J R,N=FERNANDEZ LANGAN E,N=FREGONESE A,N=FRIZZA G A,N=GARCIA A,N=GARRETÓN F,N=GAYOL Y C,N=GONZÁLEZ Ã G,N=GRANDE M,N=HERS CABRAL A R,N=HUCZAK S M,N=HUMMEL A,N=IGLESIAS F A,N=INCICCO L C,N=LASPINA L A,U=LIPOVETZKY D A,N=LÓPEZ KOENIG L G,N=LOSPENNATO S G,N=MAQUIEYRA M,U=MASSOT N M,N=MEDINA M N,U=MOLINA K A,N=MONALDI O,U=MONTENEGRO G T,N=NUÑEZ J C,N=OCAÑA M G,N=PICCOLOMINI M C,N=POLLEDO C,N=PRETTO P J,N=ROMA C G,N=SAHAD J E,N=SCAGLIA G,N=SCHLERETH D P,N=SCHMIDT LIERMANN C,N=STEFANI H A,N=TONELLI P G,N=TORELLO P,N=URROZ P,N=VILLA N S,N=VILLALONGA J C,N=WECHSLER M G,N=WISKY S J,N=WOLFF W E
48,N=ACERENZA S M C,N=AICEGA J,N=AMADEO E P,U=ANSALONI P M,N=BALDASSI H W,N=BERISSO H,N=BRAGAGNOLO S,N=BRAMBILLA S,N=BUIL S O,N=CÁCERES E A,U=CARAMBIA A J,N=ENRIQUEZ J R,N=FERNANDEZ LANGAN E,N=FREGONESE A,N=FRIZZA G A,N=GARCIA A,N=GARRETÓN F,N=GAYOL Y C,N=GONZÁLEZ Ã G,U=GRANDE M,U=HERS CABRAL A R,N=HUCZAK S M,N=HUMMEL A,N=IGLESIAS F A,N=INCICCO L C,U=LASPINA L A,N=LIPOVETZKY D A,N=LÓPEZ KOENIG L G,N=LOSPENNATO S G,N=MAQUIEYRA M,N=MASSOT N M,N=MEDINA M N,U=MOLINA K A,U=MONALDI O,N=MONTENEGRO G T,N=NUÑEZ J C,U=OCAÑA M G,N=PICCOLOMINI M C,N=POLLEDO C,N=PRETTO P J,N=ROMA C G,N=SAHAD J E,N=SCAGLIA G,N=SCHLERETH D P,N=SCHMIDT LIERMANN C,N=STEFANI H A,N=TONELLI P G,N=TORELLO P,N=URROZ P,N=VILLA N S,N=VILLALONGA J C,N=WECHSLER M G,N=WISKY S J,N=WOLFF W E
24,N=ACERENZA S M C,N=AICEGA J,N=AMADEO E P,N=ANSALONI P M,N=BALBO E S,N=BALDASSI H W,N=BERISSO H,N=BRAMBILLA S,N=BUIL S O,N=CÁCERES E A,N=CARAMBIA A J,N=ENRIQUEZ J R,N=FERNANDEZ LANGAN E,N=FREGONESE A,N=FRIZZA G A,N=GARCIA A,N=GARRETÓN F,N=GAYOL Y C,N=GONZÁLEZ Ã G,N=GRANDE M,N=HERS CABRAL A R,N=HUCZAK S M,N=HUMMEL A,N=IGLESIAS F A,N=INCICCO L C,N=LASPINA L A,N=LIPOVETZKY D A,N=LÓPEZ KOENIG L G,N=LOSPENNATO S G,N=MAQUIEYRA M,N=MASSOT N M,N=MEDINA M N,N=MOLINA K A,N=MONALDI O,U=MONTENEGRO G T,N=NUÑEZ J C,N=OCAÑA M G,N=PICCOLOMINI M C,N=POLLEDO C,U=PRETTO P J,N=ROMA C G,N=SAHAD J E,N=SCAGLIA G,N=SCHLERETH D P,N=SCHMIDT LIERMANN C,N=STEFANI H A,N=TONELLI P G,N=TORELLO P,N=URROZ P,N=VILLA N S,N=VILLALONGA J C,N=WECHSLER M G,N=WISKY S J,N=WOLFF W E
26,N=ACERENZA S M C,N=AICEGA J,N=AMADEO E P,U=ANSALONI P M,N=BALBO E S,N=BALDASSI H W,N=BERISSO H,N=BRAMBILLA S,N=BUIL S O,N=CÁCERES E A,N=CARAMBIA A J,N=ENRIQUEZ J R,N=FERNANDEZ LANGAN E,N=FREGONESE A,N=FRIZZA G A,N=GARCIA A,N=GARRETÓN F,N=GAYOL Y C,N=GONZÁLEZ Ã G,N=GRANDE M,N=HERS CABRAL A R,N=HUCZAK S M,N=HUMMEL A,N=IGLESIAS F A,N=INCICCO L C,N=LASPINA L A,N=LIPOVETZKY D A,N=LÓPEZ KOENIG L G,N=LOSPENNATO S G,N=MAQUIEYRA M,N=MASSOT N M,N=MEDINA M N,N=MOLINA K A,N=MONALDI O,U=MONTENEGRO G T,N=NUÑEZ J C,N=OCAÑA M G,N=PICCOLOMINI M C,N=POLLEDO C,N=PRETTO P J,N=ROMA C G,N=SAHAD J E,N=SCAGLIA G,N=SCHLERETH D P,N=SCHMIDT LIERMANN C,N=STEFANI H A,N=TONELLI P G,N=TORELLO P,N=URROZ P,N=VILLA N S,N=VILLALONGA J C,N=WECHSLER M G,N=WISKY S J,N=WOLFF W E
